pincode,post_office_name,district,state,delivery_status
110026,PO South Delhi 26,South Delhi,Delhi,Delivery
110143,PO Central Delhi 143,Central Delhi,Delhi,Delivery
120605,PO Haryana District 605,Haryana District,Haryana,Non-Delivery
120096,PO Haryana District 96,Haryana District,Haryana,Delivery
121575,PO Haryana District 575,Haryana District,Haryana,Delivery
121719,PO Haryana District 719,Haryana District,Haryana,Delivery
122829,PO Haryana District 829,Haryana District,Haryana,Delivery
122164,PO Haryana District 164,Haryana District,Haryana,Delivery
122160,PO Haryana District 160,Haryana District,Haryana,Delivery
122345,PO Haryana District 345,Haryana District,Haryana,Delivery
123368,PO Haryana District 368,Haryana District,Haryana,Delivery
123827,PO Haryana District 827,Haryana District,Haryana,Delivery
124997,PO Haryana District 997,Haryana District,Haryana,Delivery
124301,PO Haryana District 301,Haryana District,Haryana,Delivery
125047,PO Haryana District 47,Haryana District,Haryana,Delivery
125082,PO Haryana District 82,Haryana District,Haryana,Delivery
126285,PO Haryana District 285,Haryana District,Haryana,Delivery
126374,PO Haryana District 374,Haryana District,Haryana,Delivery
126215,PO Haryana District 215,Haryana District,Haryana,Delivery
126700,PO Haryana District 700,Haryana District,Haryana,Delivery
126176,PO Haryana District 176,Haryana District,Haryana,Delivery
127277,PO Haryana District 277,Haryana District,Haryana,Delivery
127864,PO Haryana District 864,Haryana District,Haryana,Delivery
127033,PO Haryana District 33,Haryana District,Haryana,Delivery
127068,PO Haryana District 68,Haryana District,Haryana,Delivery
127581,PO Haryana District 581,Haryana District,Haryana,Delivery
128406,PO Haryana District 406,Haryana District,Haryana,Delivery
128143,PO Haryana District 143,Haryana District,Haryana,Delivery
128552,PO Haryana District 552,Haryana District,Haryana,Delivery
128439,PO Haryana District 439,Haryana District,Haryana,Delivery
128142,PO Haryana District 142,Haryana District,Haryana,Delivery
129882,PO Haryana District 882,Haryana District,Haryana,Delivery
129164,PO Haryana District 164,Haryana District,Haryana,Delivery
130391,PO Haryana District 391,Haryana District,Haryana,Delivery
130995,PO Haryana District 995,Haryana District,Haryana,Delivery
130118,PO Haryana District 118,Haryana District,Haryana,Delivery
130349,PO Haryana District 349,Haryana District,Haryana,Delivery
130162,PO Haryana District 162,Haryana District,Haryana,Non-Delivery
131996,PO Haryana District 996,Haryana District,Haryana,Delivery
131109,PO Haryana District 109,Haryana District,Haryana,Delivery
131520,PO Haryana District 520,Haryana District,Haryana,Delivery
131781,PO Haryana District 781,Haryana District,Haryana,Delivery
132614,PO Haryana District 614,Haryana District,Haryana,Delivery
132115,PO Haryana District 115,Haryana District,Haryana,Delivery
133246,PO Haryana District 246,Haryana District,Haryana,Delivery
133581,PO Haryana District 581,Haryana District,Haryana,Delivery
133498,PO Haryana District 498,Haryana District,Haryana,Delivery
133546,PO Haryana District 546,Haryana District,Haryana,Delivery
134970,PO Haryana District 970,Haryana District,Haryana,Delivery
134894,PO Haryana District 894,Haryana District,Haryana,Delivery
134952,PO Haryana District 952,Haryana District,Haryana,Delivery
134409,PO Haryana District 409,Haryana District,Haryana,Delivery
134530,PO Haryana District 530,Haryana District,Haryana,Delivery
135066,PO Haryana District 66,Haryana District,Haryana,Non-Delivery
135568,PO Haryana District 568,Haryana District,Haryana,Delivery
135008,PO Haryana District 8,Haryana District,Haryana,Delivery
136235,PO Haryana District 235,Haryana District,Haryana,Delivery
136881,PO Haryana District 881,Haryana District,Haryana,Delivery
140286,PO Patiala 286,Patiala,Punjab,Delivery
140136,PO Bathinda 136,Bathinda,Punjab,Delivery
140249,PO Patiala 249,Patiala,Punjab,Delivery
141097,PO Ludhiana 97,Ludhiana,Punjab,Delivery
141363,PO Patiala 363,Patiala,Punjab,Delivery
141885,PO Ludhiana 885,Ludhiana,Punjab,Delivery
142063,PO Patiala 63,Patiala,Punjab,Delivery
142820,PO Ludhiana 820,Ludhiana,Punjab,Delivery
143550,PO Patiala 550,Patiala,Punjab,Delivery
143188,PO Jalandhar 188,Jalandhar,Punjab,Delivery
143896,PO Ludhiana 896,Ludhiana,Punjab,Delivery
144052,PO Bathinda 52,Bathinda,Punjab,Delivery
144993,PO Ludhiana 993,Ludhiana,Punjab,Delivery
145171,PO Patiala 171,Patiala,Punjab,Delivery
145219,PO Patiala 219,Patiala,Punjab,Delivery
145169,PO Patiala 169,Patiala,Punjab,Non-Delivery
146272,PO Patiala 272,Patiala,Punjab,Delivery
146714,PO Bathinda 714,Bathinda,Punjab,Delivery
146499,PO Amritsar 499,Amritsar,Punjab,Delivery
146223,PO Ludhiana 223,Ludhiana,Punjab,Delivery
146556,PO Ludhiana 556,Ludhiana,Punjab,Delivery
147052,PO Bathinda 52,Bathinda,Punjab,Delivery
147942,PO Bathinda 942,Bathinda,Punjab,Delivery
148872,PO Amritsar 872,Amritsar,Punjab,Delivery
148070,PO Amritsar 70,Amritsar,Punjab,Delivery
149593,PO Bathinda 593,Bathinda,Punjab,Non-Delivery
149084,PO Patiala 84,Patiala,Punjab,Delivery
149579,PO Bathinda 579,Bathinda,Punjab,Delivery
150210,PO Jalandhar 210,Jalandhar,Punjab,Delivery
150406,PO Amritsar 406,Amritsar,Punjab,Delivery
150308,PO Patiala 308,Patiala,Punjab,Delivery
150770,PO Ludhiana 770,Ludhiana,Punjab,Non-Delivery
151076,PO Bathinda 76,Bathinda,Punjab,Delivery
151272,PO Amritsar 272,Amritsar,Punjab,Delivery
152901,PO Amritsar 901,Amritsar,Punjab,Delivery
152162,PO Patiala 162,Patiala,Punjab,Delivery
153627,PO Bathinda 627,Bathinda,Punjab,Non-Delivery
153837,PO Bathinda 837,Bathinda,Punjab,Delivery
153680,PO Ludhiana 680,Ludhiana,Punjab,Delivery
153138,PO Jalandhar 138,Jalandhar,Punjab,Delivery
154761,PO Bathinda 761,Bathinda,Punjab,Delivery
154289,PO Bathinda 289,Bathinda,Punjab,Delivery
155209,PO Jalandhar 209,Jalandhar,Punjab,Delivery
155258,PO Ludhiana 258,Ludhiana,Punjab,Delivery
155434,PO Jalandhar 434,Jalandhar,Punjab,Non-Delivery
155342,PO Amritsar 342,Amritsar,Punjab,Delivery
156166,PO Patiala 166,Patiala,Punjab,Delivery
156438,PO Bathinda 438,Bathinda,Punjab,Non-Delivery
156078,PO Amritsar 78,Amritsar,Punjab,Delivery
156855,PO Jalandhar 855,Jalandhar,Punjab,Delivery
157441,PO Amritsar 441,Amritsar,Punjab,Non-Delivery
157374,PO Ludhiana 374,Ludhiana,Punjab,Delivery
157216,PO Amritsar 216,Amritsar,Punjab,Delivery
158799,PO Bathinda 799,Bathinda,Punjab,Delivery
158417,PO Bathinda 417,Bathinda,Punjab,Delivery
158948,PO Amritsar 948,Amritsar,Punjab,Delivery
158820,PO Amritsar 820,Amritsar,Punjab,Delivery
159184,PO Jalandhar 184,Jalandhar,Punjab,Delivery
159422,PO Amritsar 422,Amritsar,Punjab,Delivery
160392,PO Ludhiana 392,Ludhiana,Punjab,Delivery
160228,PO Amritsar 228,Amritsar,Punjab,Delivery
171359,PO Himachal Pradesh District 359,Himachal Pradesh District,Himachal Pradesh,Delivery
171893,PO Himachal Pradesh District 893,Himachal Pradesh District,Himachal Pradesh,Delivery
171676,PO Himachal Pradesh District 676,Himachal Pradesh District,Himachal Pradesh,Delivery
171286,PO Himachal Pradesh District 286,Himachal Pradesh District,Himachal Pradesh,Delivery
172696,PO Himachal Pradesh District 696,Himachal Pradesh District,Himachal Pradesh,Delivery
172119,PO Himachal Pradesh District 119,Himachal Pradesh District,Himachal Pradesh,Delivery
172986,PO Himachal Pradesh District 986,Himachal Pradesh District,Himachal Pradesh,Non-Delivery
172611,PO Himachal Pradesh District 611,Himachal Pradesh District,Himachal Pradesh,Delivery
172806,PO Himachal Pradesh District 806,Himachal Pradesh District,Himachal Pradesh,Delivery
173395,PO Himachal Pradesh District 395,Himachal Pradesh District,Himachal Pradesh,Delivery
173726,PO Himachal Pradesh District 726,Himachal Pradesh District,Himachal Pradesh,Non-Delivery
174373,PO Himachal Pradesh District 373,Himachal Pradesh District,Himachal Pradesh,Delivery
174681,PO Himachal Pradesh District 681,Himachal Pradesh District,Himachal Pradesh,Delivery
174680,PO Himachal Pradesh District 680,Himachal Pradesh District,Himachal Pradesh,Delivery
175520,PO Himachal Pradesh District 520,Himachal Pradesh District,Himachal Pradesh,Delivery
175335,PO Himachal Pradesh District 335,Himachal Pradesh District,Himachal Pradesh,Delivery
175568,PO Himachal Pradesh District 568,Himachal Pradesh District,Himachal Pradesh,Delivery
175681,PO Himachal Pradesh District 681,Himachal Pradesh District,Himachal Pradesh,Delivery
176631,PO Himachal Pradesh District 631,Himachal Pradesh District,Himachal Pradesh,Delivery
176854,PO Himachal Pradesh District 854,Himachal Pradesh District,Himachal Pradesh,Delivery
176216,PO Himachal Pradesh District 216,Himachal Pradesh District,Himachal Pradesh,Delivery
177477,PO Himachal Pradesh District 477,Himachal Pradesh District,Himachal Pradesh,Delivery
177219,PO Himachal Pradesh District 219,Himachal Pradesh District,Himachal Pradesh,Delivery
177983,PO Himachal Pradesh District 983,Himachal Pradesh District,Himachal Pradesh,Delivery
177291,PO Himachal Pradesh District 291,Himachal Pradesh District,Himachal Pradesh,Delivery
180689,PO Jammu and Kashmir District 689,Jammu and Kashmir District,Jammu and Kashmir,Delivery
180204,PO Jammu and Kashmir District 204,Jammu and Kashmir District,Jammu and Kashmir,Non-Delivery
180251,PO Jammu and Kashmir District 251,Jammu and Kashmir District,Jammu and Kashmir,Delivery
181467,PO Jammu and Kashmir District 467,Jammu and Kashmir District,Jammu and Kashmir,Delivery
181590,PO Jammu and Kashmir District 590,Jammu and Kashmir District,Jammu and Kashmir,Delivery
182507,PO Jammu and Kashmir District 507,Jammu and Kashmir District,Jammu and Kashmir,Delivery
182672,PO Jammu and Kashmir District 672,Jammu and Kashmir District,Jammu and Kashmir,Delivery
182882,PO Jammu and Kashmir District 882,Jammu and Kashmir District,Jammu and Kashmir,Delivery
182225,PO Jammu and Kashmir District 225,Jammu and Kashmir District,Jammu and Kashmir,Delivery
182713,PO Jammu and Kashmir District 713,Jammu and Kashmir District,Jammu and Kashmir,Delivery
183940,PO Jammu and Kashmir District 940,Jammu and Kashmir District,Jammu and Kashmir,Delivery
183821,PO Jammu and Kashmir District 821,Jammu and Kashmir District,Jammu and Kashmir,Delivery
183573,PO Jammu and Kashmir District 573,Jammu and Kashmir District,Jammu and Kashmir,Delivery
184628,PO Jammu and Kashmir District 628,Jammu and Kashmir District,Jammu and Kashmir,Delivery
184562,PO Jammu and Kashmir District 562,Jammu and Kashmir District,Jammu and Kashmir,Delivery
184762,PO Jammu and Kashmir District 762,Jammu and Kashmir District,Jammu and Kashmir,Delivery
184770,PO Jammu and Kashmir District 770,Jammu and Kashmir District,Jammu and Kashmir,Delivery
184284,PO Jammu and Kashmir District 284,Jammu and Kashmir District,Jammu and Kashmir,Delivery
185451,PO Jammu and Kashmir District 451,Jammu and Kashmir District,Jammu and Kashmir,Delivery
185241,PO Jammu and Kashmir District 241,Jammu and Kashmir District,Jammu and Kashmir,Delivery
185915,PO Jammu and Kashmir District 915,Jammu and Kashmir District,Jammu and Kashmir,Delivery
185237,PO Jammu and Kashmir District 237,Jammu and Kashmir District,Jammu and Kashmir,Delivery
186066,PO Jammu and Kashmir District 66,Jammu and Kashmir District,Jammu and Kashmir,Delivery
186556,PO Jammu and Kashmir District 556,Jammu and Kashmir District,Jammu and Kashmir,Delivery
186212,PO Jammu and Kashmir District 212,Jammu and Kashmir District,Jammu and Kashmir,Delivery
187878,PO Jammu and Kashmir District 878,Jammu and Kashmir District,Jammu and Kashmir,Delivery
187966,PO Jammu and Kashmir District 966,Jammu and Kashmir District,Jammu and Kashmir,Delivery
188874,PO Jammu and Kashmir District 874,Jammu and Kashmir District,Jammu and Kashmir,Delivery
188753,PO Jammu and Kashmir District 753,Jammu and Kashmir District,Jammu and Kashmir,Delivery
188280,PO Jammu and Kashmir District 280,Jammu and Kashmir District,Jammu and Kashmir,Delivery
188399,PO Jammu and Kashmir District 399,Jammu and Kashmir District,Jammu and Kashmir,Delivery
188818,PO Jammu and Kashmir District 818,Jammu and Kashmir District,Jammu and Kashmir,Delivery
189942,PO Jammu and Kashmir District 942,Jammu and Kashmir District,Jammu and Kashmir,Delivery
189547,PO Jammu and Kashmir District 547,Jammu and Kashmir District,Jammu and Kashmir,Delivery
189607,PO Jammu and Kashmir District 607,Jammu and Kashmir District,Jammu and Kashmir,Delivery
189439,PO Jammu and Kashmir District 439,Jammu and Kashmir District,Jammu and Kashmir,Delivery
189187,PO Jammu and Kashmir District 187,Jammu and Kashmir District,Jammu and Kashmir,Delivery
190217,PO Jammu and Kashmir District 217,Jammu and Kashmir District,Jammu and Kashmir,Delivery
190780,PO Jammu and Kashmir District 780,Jammu and Kashmir District,Jammu and Kashmir,Delivery
190975,PO Jammu and Kashmir District 975,Jammu and Kashmir District,Jammu and Kashmir,Delivery
190084,PO Jammu and Kashmir District 84,Jammu and Kashmir District,Jammu and Kashmir,Non-Delivery
191975,PO Jammu and Kashmir District 975,Jammu and Kashmir District,Jammu and Kashmir,Delivery
191071,PO Jammu and Kashmir District 71,Jammu and Kashmir District,Jammu and Kashmir,Delivery
192205,PO Jammu and Kashmir District 205,Jammu and Kashmir District,Jammu and Kashmir,Delivery
192245,PO Jammu and Kashmir District 245,Jammu and Kashmir District,Jammu and Kashmir,Delivery
192118,PO Jammu and Kashmir District 118,Jammu and Kashmir District,Jammu and Kashmir,Delivery
193786,PO Jammu and Kashmir District 786,Jammu and Kashmir District,Jammu and Kashmir,Delivery
193622,PO Jammu and Kashmir District 622,Jammu and Kashmir District,Jammu and Kashmir,Delivery
193168,PO Jammu and Kashmir District 168,Jammu and Kashmir District,Jammu and Kashmir,Delivery
193027,PO Jammu and Kashmir District 27,Jammu and Kashmir District,Jammu and Kashmir,Delivery
194407,PO Jammu and Kashmir District 407,Jammu and Kashmir District,Jammu and Kashmir,Delivery
194708,PO Jammu and Kashmir District 708,Jammu and Kashmir District,Jammu and Kashmir,Delivery
194792,PO Jammu and Kashmir District 792,Jammu and Kashmir District,Jammu and Kashmir,Delivery
194615,PO Jammu and Kashmir District 615,Jammu and Kashmir District,Jammu and Kashmir,Delivery
194580,PO Jammu and Kashmir District 580,Jammu and Kashmir District,Jammu and Kashmir,Delivery
160678,PO Chandigarh District 678,Chandigarh District,Chandigarh,Delivery
160664,PO Chandigarh District 664,Chandigarh District,Chandigarh,Non-Delivery
160431,PO Chandigarh District 431,Chandigarh District,Chandigarh,Delivery
160984,PO Chandigarh District 984,Chandigarh District,Chandigarh,Delivery
160849,PO Chandigarh District 849,Chandigarh District,Chandigarh,Delivery
244181,PO Uttarakhand District 181,Uttarakhand District,Uttarakhand,Delivery
244942,PO Uttarakhand District 942,Uttarakhand District,Uttarakhand,Delivery
244846,PO Uttarakhand District 846,Uttarakhand District,Uttarakhand,Delivery
244252,PO Uttarakhand District 252,Uttarakhand District,Uttarakhand,Delivery
244462,PO Uttarakhand District 462,Uttarakhand District,Uttarakhand,Delivery
245345,PO Uttarakhand District 345,Uttarakhand District,Uttarakhand,Delivery
245333,PO Uttarakhand District 333,Uttarakhand District,Uttarakhand,Delivery
245364,PO Uttarakhand District 364,Uttarakhand District,Uttarakhand,Delivery
245902,PO Uttarakhand District 902,Uttarakhand District,Uttarakhand,Delivery
245530,PO Uttarakhand District 530,Uttarakhand District,Uttarakhand,Delivery
246501,PO Uttarakhand District 501,Uttarakhand District,Uttarakhand,Delivery
246662,PO Uttarakhand District 662,Uttarakhand District,Uttarakhand,Delivery
246018,PO Uttarakhand District 18,Uttarakhand District,Uttarakhand,Delivery
246415,PO Uttarakhand District 415,Uttarakhand District,Uttarakhand,Delivery
246596,PO Uttarakhand District 596,Uttarakhand District,Uttarakhand,Delivery
247436,PO Uttarakhand District 436,Uttarakhand District,Uttarakhand,Delivery
247465,PO Uttarakhand District 465,Uttarakhand District,Uttarakhand,Delivery
247237,PO Uttarakhand District 237,Uttarakhand District,Uttarakhand,Delivery
247324,PO Uttarakhand District 324,Uttarakhand District,Uttarakhand,Delivery
248197,PO Uttarakhand District 197,Uttarakhand District,Uttarakhand,Delivery
248284,PO Uttarakhand District 284,Uttarakhand District,Uttarakhand,Delivery
248853,PO Uttarakhand District 853,Uttarakhand District,Uttarakhand,Delivery
249184,PO Uttarakhand District 184,Uttarakhand District,Uttarakhand,Non-Delivery
249547,PO Uttarakhand District 547,Uttarakhand District,Uttarakhand,Delivery
249998,PO Uttarakhand District 998,Uttarakhand District,Uttarakhand,Delivery
249715,PO Uttarakhand District 715,Uttarakhand District,Uttarakhand,Delivery
250106,PO Uttarakhand District 106,Uttarakhand District,Uttarakhand,Delivery
250481,PO Uttarakhand District 481,Uttarakhand District,Uttarakhand,Delivery
250189,PO Uttarakhand District 189,Uttarakhand District,Uttarakhand,Delivery
250883,PO Uttarakhand District 883,Uttarakhand District,Uttarakhand,Delivery
250067,PO Uttarakhand District 67,Uttarakhand District,Uttarakhand,Delivery
251156,PO Uttarakhand District 156,Uttarakhand District,Uttarakhand,Delivery
251972,PO Uttarakhand District 972,Uttarakhand District,Uttarakhand,Delivery
252122,PO Uttarakhand District 122,Uttarakhand District,Uttarakhand,Delivery
252810,PO Uttarakhand District 810,Uttarakhand District,Uttarakhand,Delivery
252390,PO Uttarakhand District 390,Uttarakhand District,Uttarakhand,Delivery
253881,PO Uttarakhand District 881,Uttarakhand District,Uttarakhand,Delivery
253636,PO Uttarakhand District 636,Uttarakhand District,Uttarakhand,Delivery
253758,PO Uttarakhand District 758,Uttarakhand District,Uttarakhand,Delivery
253213,PO Uttarakhand District 213,Uttarakhand District,Uttarakhand,Delivery
254161,PO Uttarakhand District 161,Uttarakhand District,Uttarakhand,Delivery
254077,PO Uttarakhand District 77,Uttarakhand District,Uttarakhand,Non-Delivery
255706,PO Uttarakhand District 706,Uttarakhand District,Uttarakhand,Delivery
255238,PO Uttarakhand District 238,Uttarakhand District,Uttarakhand,Delivery
255720,PO Uttarakhand District 720,Uttarakhand District,Uttarakhand,Delivery
255240,PO Uttarakhand District 240,Uttarakhand District,Uttarakhand,Delivery
255641,PO Uttarakhand District 641,Uttarakhand District,Uttarakhand,Delivery
256664,PO Uttarakhand District 664,Uttarakhand District,Uttarakhand,Delivery
256847,PO Uttarakhand District 847,Uttarakhand District,Uttarakhand,Delivery
256170,PO Uttarakhand District 170,Uttarakhand District,Uttarakhand,Delivery
257450,PO Uttarakhand District 450,Uttarakhand District,Uttarakhand,Delivery
257312,PO Uttarakhand District 312,Uttarakhand District,Uttarakhand,Delivery
257513,PO Uttarakhand District 513,Uttarakhand District,Uttarakhand,Delivery
257613,PO Uttarakhand District 613,Uttarakhand District,Uttarakhand,Delivery
258619,PO Uttarakhand District 619,Uttarakhand District,Uttarakhand,Non-Delivery
258235,PO Uttarakhand District 235,Uttarakhand District,Uttarakhand,Delivery
258689,PO Uttarakhand District 689,Uttarakhand District,Uttarakhand,Delivery
258782,PO Uttarakhand District 782,Uttarakhand District,Uttarakhand,Delivery
259939,PO Uttarakhand District 939,Uttarakhand District,Uttarakhand,Delivery
259600,PO Uttarakhand District 600,Uttarakhand District,Uttarakhand,Delivery
259504,PO Uttarakhand District 504,Uttarakhand District,Uttarakhand,Delivery
259419,PO Uttarakhand District 419,Uttarakhand District,Uttarakhand,Delivery
259108,PO Uttarakhand District 108,Uttarakhand District,Uttarakhand,Delivery
260296,PO Uttarakhand District 296,Uttarakhand District,Uttarakhand,Delivery
260564,PO Uttarakhand District 564,Uttarakhand District,Uttarakhand,Delivery
260323,PO Uttarakhand District 323,Uttarakhand District,Uttarakhand,Delivery
260994,PO Uttarakhand District 994,Uttarakhand District,Uttarakhand,Delivery
260845,PO Uttarakhand District 845,Uttarakhand District,Uttarakhand,Delivery
261424,PO Uttarakhand District 424,Uttarakhand District,Uttarakhand,Delivery
261371,PO Uttarakhand District 371,Uttarakhand District,Uttarakhand,Delivery
261779,PO Uttarakhand District 779,Uttarakhand District,Uttarakhand,Delivery
261563,PO Uttarakhand District 563,Uttarakhand District,Uttarakhand,Delivery
261449,PO Uttarakhand District 449,Uttarakhand District,Uttarakhand,Delivery
262727,PO Uttarakhand District 727,Uttarakhand District,Uttarakhand,Delivery
262015,PO Uttarakhand District 15,Uttarakhand District,Uttarakhand,Delivery
262862,PO Uttarakhand District 862,Uttarakhand District,Uttarakhand,Delivery
263664,PO Uttarakhand District 664,Uttarakhand District,Uttarakhand,Delivery
263734,PO Uttarakhand District 734,Uttarakhand District,Uttarakhand,Delivery
200426,PO Kanpur 426,Kanpur,Uttar Pradesh,Delivery
200250,PO Kanpur 250,Kanpur,Uttar Pradesh,Delivery
200393,PO Agra 393,Agra,Uttar Pradesh,Delivery
200521,PO Allahabad 521,Allahabad,Uttar Pradesh,Delivery
201283,PO Kanpur 283,Kanpur,Uttar Pradesh,Delivery
201807,PO Meerut 807,Meerut,Uttar Pradesh,Delivery
202290,PO Allahabad 290,Allahabad,Uttar Pradesh,Delivery
202602,PO Meerut 602,Meerut,Uttar Pradesh,Delivery
203887,PO Agra 887,Agra,Uttar Pradesh,Delivery
203496,PO Varanasi 496,Varanasi,Uttar Pradesh,Delivery
203782,PO Meerut 782,Meerut,Uttar Pradesh,Delivery
203956,PO Varanasi 956,Varanasi,Uttar Pradesh,Delivery
203715,PO Agra 715,Agra,Uttar Pradesh,Delivery
204877,PO Kanpur 877,Kanpur,Uttar Pradesh,Non-Delivery
204763,PO Kanpur 763,Kanpur,Uttar Pradesh,Delivery
204831,PO Kanpur 831,Kanpur,Uttar Pradesh,Delivery
205508,PO Lucknow 508,Lucknow,Uttar Pradesh,Delivery
205989,PO Meerut 989,Meerut,Uttar Pradesh,Delivery
205103,PO Kanpur 103,Kanpur,Uttar Pradesh,Delivery
206016,PO Allahabad 16,Allahabad,Uttar Pradesh,Delivery
206892,PO Allahabad 892,Allahabad,Uttar Pradesh,Delivery
206077,PO Kanpur 77,Kanpur,Uttar Pradesh,Delivery
206272,PO Varanasi 272,Varanasi,Uttar Pradesh,Delivery
206408,PO Allahabad 408,Allahabad,Uttar Pradesh,Delivery
207873,PO Allahabad 873,Allahabad,Uttar Pradesh,Delivery
207390,PO Varanasi 390,Varanasi,Uttar Pradesh,Delivery
207909,PO Kanpur 909,Kanpur,Uttar Pradesh,Delivery
207037,PO Meerut 37,Meerut,Uttar Pradesh,Delivery
208233,PO Allahabad 233,Allahabad,Uttar Pradesh,Delivery
208101,PO Allahabad 101,Allahabad,Uttar Pradesh,Delivery
208103,PO Kanpur 103,Kanpur,Uttar Pradesh,Delivery
208307,PO Lucknow 307,Lucknow,Uttar Pradesh,Non-Delivery
209301,PO Varanasi 301,Varanasi,Uttar Pradesh,Delivery
209150,PO Agra 150,Agra,Uttar Pradesh,Delivery
210175,PO Agra 175,Agra,Uttar Pradesh,Delivery
210892,PO Kanpur 892,Kanpur,Uttar Pradesh,Delivery
210247,PO Kanpur 247,Kanpur,Uttar Pradesh,Delivery
211238,PO Kanpur 238,Kanpur,Uttar Pradesh,Delivery
211471,PO Varanasi 471,Varanasi,Uttar Pradesh,Delivery
211921,PO Kanpur 921,Kanpur,Uttar Pradesh,Delivery
212076,PO Kanpur 76,Kanpur,Uttar Pradesh,Delivery
212602,PO Varanasi 602,Varanasi,Uttar Pradesh,Delivery
212435,PO Allahabad 435,Allahabad,Uttar Pradesh,Delivery
213204,PO Kanpur 204,Kanpur,Uttar Pradesh,Delivery
213110,PO Agra 110,Agra,Uttar Pradesh,Delivery
213368,PO Meerut 368,Meerut,Uttar Pradesh,Delivery
213717,PO Varanasi 717,Varanasi,Uttar Pradesh,Non-Delivery
214282,PO Lucknow 282,Lucknow,Uttar Pradesh,Delivery
214703,PO Allahabad 703,Allahabad,Uttar Pradesh,Delivery
214933,PO Meerut 933,Meerut,Uttar Pradesh,Delivery
214853,PO Varanasi 853,Varanasi,Uttar Pradesh,Delivery
214236,PO Meerut 236,Meerut,Uttar Pradesh,Delivery
215652,PO Agra 652,Agra,Uttar Pradesh,Delivery
215695,PO Allahabad 695,Allahabad,Uttar Pradesh,Delivery
215698,PO Agra 698,Agra,Uttar Pradesh,Delivery
216317,PO Kanpur 317,Kanpur,Uttar Pradesh,Non-Delivery
216374,PO Allahabad 374,Allahabad,Uttar Pradesh,Delivery
217335,PO Allahabad 335,Allahabad,Uttar Pradesh,Delivery
217206,PO Agra 206,Agra,Uttar Pradesh,Delivery
217898,PO Varanasi 898,Varanasi,Uttar Pradesh,Delivery
217936,PO Varanasi 936,Varanasi,Uttar Pradesh,Delivery
218936,PO Kanpur 936,Kanpur,Uttar Pradesh,Delivery
218303,PO Allahabad 303,Allahabad,Uttar Pradesh,Delivery
218824,PO Lucknow 824,Lucknow,Uttar Pradesh,Delivery
218078,PO Agra 78,Agra,Uttar Pradesh,Delivery
219881,PO Allahabad 881,Allahabad,Uttar Pradesh,Delivery
219407,PO Meerut 407,Meerut,Uttar Pradesh,Delivery
219810,PO Kanpur 810,Kanpur,Uttar Pradesh,Non-Delivery
220466,PO Varanasi 466,Varanasi,Uttar Pradesh,Delivery
220689,PO Varanasi 689,Varanasi,Uttar Pradesh,Delivery
221111,PO Allahabad 111,Allahabad,Uttar Pradesh,Delivery
221026,PO Meerut 26,Meerut,Uttar Pradesh,Delivery
221575,PO Varanasi 575,Varanasi,Uttar Pradesh,Delivery
221227,PO Allahabad 227,Allahabad,Uttar Pradesh,Delivery
222932,PO Allahabad 932,Allahabad,Uttar Pradesh,Delivery
222419,PO Lucknow 419,Lucknow,Uttar Pradesh,Delivery
222969,PO Lucknow 969,Lucknow,Uttar Pradesh,Delivery
222505,PO Lucknow 505,Lucknow,Uttar Pradesh,Delivery
222909,PO Meerut 909,Meerut,Uttar Pradesh,Delivery
223380,PO Allahabad 380,Allahabad,Uttar Pradesh,Delivery
223714,PO Meerut 714,Meerut,Uttar Pradesh,Delivery
223761,PO Allahabad 761,Allahabad,Uttar Pradesh,Delivery
223425,PO Allahabad 425,Allahabad,Uttar Pradesh,Delivery
223502,PO Meerut 502,Meerut,Uttar Pradesh,Delivery
224034,PO Allahabad 34,Allahabad,Uttar Pradesh,Delivery
224455,PO Kanpur 455,Kanpur,Uttar Pradesh,Delivery
224876,PO Varanasi 876,Varanasi,Uttar Pradesh,Delivery
224703,PO Varanasi 703,Varanasi,Uttar Pradesh,Delivery
225063,PO Kanpur 63,Kanpur,Uttar Pradesh,Delivery
225992,PO Lucknow 992,Lucknow,Uttar Pradesh,Delivery
225844,PO Kanpur 844,Kanpur,Uttar Pradesh,Delivery
225218,PO Allahabad 218,Allahabad,Uttar Pradesh,Delivery
226052,PO Varanasi 52,Varanasi,Uttar Pradesh,Delivery
226129,PO Meerut 129,Meerut,Uttar Pradesh,Delivery
227601,PO Agra 601,Agra,Uttar Pradesh,Delivery
227239,PO Varanasi 239,Varanasi,Uttar Pradesh,Delivery
227808,PO Meerut 808,Meerut,Uttar Pradesh,Non-Delivery
228134,PO Meerut 134,Meerut,Uttar Pradesh,Delivery
228179,PO Lucknow 179,Lucknow,Uttar Pradesh,Delivery
228027,PO Agra 27,Agra,Uttar Pradesh,Non-Delivery
229603,PO Varanasi 603,Varanasi,Uttar Pradesh,Non-Delivery
229272,PO Lucknow 272,Lucknow,Uttar Pradesh,Delivery
229432,PO Meerut 432,Meerut,Uttar Pradesh,Delivery
230488,PO Kanpur 488,Kanpur,Uttar Pradesh,Delivery
230526,PO Meerut 526,Meerut,Uttar Pradesh,Delivery
231969,PO Meerut 969,Meerut,Uttar Pradesh,Non-Delivery
231803,PO Allahabad 803,Allahabad,Uttar Pradesh,Delivery
231470,PO Allahabad 470,Allahabad,Uttar Pradesh,Delivery
232491,PO Kanpur 491,Kanpur,Uttar Pradesh,Delivery
232111,PO Kanpur 111,Kanpur,Uttar Pradesh,Delivery
233076,PO Lucknow 76,Lucknow,Uttar Pradesh,Delivery
233152,PO Lucknow 152,Lucknow,Uttar Pradesh,Delivery
233640,PO Allahabad 640,Allahabad,Uttar Pradesh,Delivery
233730,PO Varanasi 730,Varanasi,Uttar Pradesh,Delivery
233612,PO Meerut 612,Meerut,Uttar Pradesh,Delivery
234102,PO Allahabad 102,Allahabad,Uttar Pradesh,Delivery
234671,PO Allahabad 671,Allahabad,Uttar Pradesh,Delivery
234565,PO Allahabad 565,Allahabad,Uttar Pradesh,Delivery
234441,PO Kanpur 441,Kanpur,Uttar Pradesh,Delivery
234424,PO Varanasi 424,Varanasi,Uttar Pradesh,Delivery
235426,PO Allahabad 426,Allahabad,Uttar Pradesh,Delivery
235438,PO Varanasi 438,Varanasi,Uttar Pradesh,Delivery
235384,PO Agra 384,Agra,Uttar Pradesh,Delivery
235486,PO Lucknow 486,Lucknow,Uttar Pradesh,Delivery
235088,PO Lucknow 88,Lucknow,Uttar Pradesh,Delivery
236832,PO Agra 832,Agra,Uttar Pradesh,Delivery
236601,PO Meerut 601,Meerut,Uttar Pradesh,Delivery
236687,PO Lucknow 687,Lucknow,Uttar Pradesh,Delivery
236895,PO Allahabad 895,Allahabad,Uttar Pradesh,Delivery
237889,PO Allahabad 889,Allahabad,Uttar Pradesh,Delivery
237295,PO Meerut 295,Meerut,Uttar Pradesh,Delivery
237107,PO Meerut 107,Meerut,Uttar Pradesh,Delivery
237159,PO Allahabad 159,Allahabad,Uttar Pradesh,Delivery
237868,PO Lucknow 868,Lucknow,Uttar Pradesh,Delivery
238118,PO Varanasi 118,Varanasi,Uttar Pradesh,Delivery
238827,PO Kanpur 827,Kanpur,Uttar Pradesh,Delivery
238998,PO Meerut 998,Meerut,Uttar Pradesh,Delivery
238659,PO Meerut 659,Meerut,Uttar Pradesh,Non-Delivery
239030,PO Agra 30,Agra,Uttar Pradesh,Delivery
239781,PO Varanasi 781,Varanasi,Uttar Pradesh,Delivery
239360,PO Lucknow 360,Lucknow,Uttar Pradesh,Delivery
239147,PO Meerut 147,Meerut,Uttar Pradesh,Delivery
240146,PO Allahabad 146,Allahabad,Uttar Pradesh,Delivery
240032,PO Lucknow 32,Lucknow,Uttar Pradesh,Delivery
241386,PO Kanpur 386,Kanpur,Uttar Pradesh,Delivery
241162,PO Varanasi 162,Varanasi,Uttar Pradesh,Delivery
241333,PO Meerut 333,Meerut,Uttar Pradesh,Delivery
242160,PO Agra 160,Agra,Uttar Pradesh,Delivery
242051,PO Allahabad 51,Allahabad,Uttar Pradesh,Delivery
243678,PO Kanpur 678,Kanpur,Uttar Pradesh,Delivery
243453,PO Kanpur 453,Kanpur,Uttar Pradesh,Delivery
243774,PO Meerut 774,Meerut,Uttar Pradesh,Delivery
243441,PO Lucknow 441,Lucknow,Uttar Pradesh,Delivery
243695,PO Meerut 695,Meerut,Uttar Pradesh,Delivery
244047,PO Agra 47,Agra,Uttar Pradesh,Delivery
244614,PO Lucknow 614,Lucknow,Uttar Pradesh,Non-Delivery
244309,PO Agra 309,Agra,Uttar Pradesh,Delivery
244783,PO Varanasi 783,Varanasi,Uttar Pradesh,Delivery
245008,PO Kanpur 8,Kanpur,Uttar Pradesh,Delivery
245180,PO Agra 180,Agra,Uttar Pradesh,Delivery
246513,PO Meerut 513,Meerut,Uttar Pradesh,Delivery
246826,PO Varanasi 826,Varanasi,Uttar Pradesh,Delivery
246883,PO Allahabad 883,Allahabad,Uttar Pradesh,Non-Delivery
247471,PO Lucknow 471,Lucknow,Uttar Pradesh,Delivery
247590,PO Kanpur 590,Kanpur,Uttar Pradesh,Delivery
248297,PO Lucknow 297,Lucknow,Uttar Pradesh,Delivery
248990,PO Varanasi 990,Varanasi,Uttar Pradesh,Delivery
248971,PO Meerut 971,Meerut,Uttar Pradesh,Delivery
248707,PO Varanasi 707,Varanasi,Uttar Pradesh,Delivery
248865,PO Lucknow 865,Lucknow,Uttar Pradesh,Delivery
249537,PO Lucknow 537,Lucknow,Uttar Pradesh,Delivery
249318,PO Allahabad 318,Allahabad,Uttar Pradesh,Delivery
249342,PO Agra 342,Agra,Uttar Pradesh,Delivery
249649,PO Lucknow 649,Lucknow,Uttar Pradesh,Delivery
249199,PO Varanasi 199,Varanasi,Uttar Pradesh,Delivery
250242,PO Lucknow 242,Lucknow,Uttar Pradesh,Delivery
250203,PO Agra 203,Agra,Uttar Pradesh,Delivery
250779,PO Allahabad 779,Allahabad,Uttar Pradesh,Delivery
251476,PO Meerut 476,Meerut,Uttar Pradesh,Delivery
251460,PO Allahabad 460,Allahabad,Uttar Pradesh,Delivery
251579,PO Allahabad 579,Allahabad,Uttar Pradesh,Delivery
251640,PO Varanasi 640,Varanasi,Uttar Pradesh,Delivery
251643,PO Varanasi 643,Varanasi,Uttar Pradesh,Delivery
252481,PO Kanpur 481,Kanpur,Uttar Pradesh,Delivery
252816,PO Varanasi 816,Varanasi,Uttar Pradesh,Delivery
253520,PO Lucknow 520,Lucknow,Uttar Pradesh,Delivery
253463,PO Lucknow 463,Lucknow,Uttar Pradesh,Delivery
253852,PO Varanasi 852,Varanasi,Uttar Pradesh,Delivery
253885,PO Lucknow 885,Lucknow,Uttar Pradesh,Delivery
254474,PO Meerut 474,Meerut,Uttar Pradesh,Delivery
254811,PO Allahabad 811,Allahabad,Uttar Pradesh,Delivery
254461,PO Meerut 461,Meerut,Uttar Pradesh,Delivery
254330,PO Meerut 330,Meerut,Uttar Pradesh,Delivery
254155,PO Lucknow 155,Lucknow,Uttar Pradesh,Delivery
255732,PO Lucknow 732,Lucknow,Uttar Pradesh,Delivery
255177,PO Lucknow 177,Lucknow,Uttar Pradesh,Delivery
255449,PO Kanpur 449,Kanpur,Uttar Pradesh,Delivery
255625,PO Agra 625,Agra,Uttar Pradesh,Delivery
256397,PO Kanpur 397,Kanpur,Uttar Pradesh,Delivery
256696,PO Meerut 696,Meerut,Uttar Pradesh,Delivery
256647,PO Allahabad 647,Allahabad,Uttar Pradesh,Delivery
256338,PO Lucknow 338,Lucknow,Uttar Pradesh,Delivery
257291,PO Varanasi 291,Varanasi,Uttar Pradesh,Delivery
257673,PO Meerut 673,Meerut,Uttar Pradesh,Delivery
257342,PO Lucknow 342,Lucknow,Uttar Pradesh,Delivery
257145,PO Varanasi 145,Varanasi,Uttar Pradesh,Delivery
257672,PO Allahabad 672,Allahabad,Uttar Pradesh,Delivery
258610,PO Allahabad 610,Allahabad,Uttar Pradesh,Delivery
258318,PO Meerut 318,Meerut,Uttar Pradesh,Delivery
258811,PO Varanasi 811,Varanasi,Uttar Pradesh,Delivery
259662,PO Allahabad 662,Allahabad,Uttar Pradesh,Delivery
259371,PO Lucknow 371,Lucknow,Uttar Pradesh,Delivery
260974,PO Agra 974,Agra,Uttar Pradesh,Delivery
260785,PO Kanpur 785,Kanpur,Uttar Pradesh,Delivery
260141,PO Agra 141,Agra,Uttar Pradesh,Delivery
261520,PO Meerut 520,Meerut,Uttar Pradesh,Delivery
261905,PO Meerut 905,Meerut,Uttar Pradesh,Non-Delivery
262898,PO Meerut 898,Meerut,Uttar Pradesh,Delivery
262386,PO Agra 386,Agra,Uttar Pradesh,Delivery
262852,PO Allahabad 852,Allahabad,Uttar Pradesh,Delivery
262829,PO Agra 829,Agra,Uttar Pradesh,Delivery
263421,PO Varanasi 421,Varanasi,Uttar Pradesh,Delivery
263244,PO Kanpur 244,Kanpur,Uttar Pradesh,Delivery
264240,PO Meerut 240,Meerut,Uttar Pradesh,Delivery
264989,PO Kanpur 989,Kanpur,Uttar Pradesh,Delivery
264199,PO Varanasi 199,Varanasi,Uttar Pradesh,Delivery
264585,PO Kanpur 585,Kanpur,Uttar Pradesh,Delivery
264289,PO Kanpur 289,Kanpur,Uttar Pradesh,Delivery
265990,PO Agra 990,Agra,Uttar Pradesh,Delivery
265821,PO Meerut 821,Meerut,Uttar Pradesh,Delivery
265257,PO Lucknow 257,Lucknow,Uttar Pradesh,Delivery
265896,PO Varanasi 896,Varanasi,Uttar Pradesh,Delivery
265106,PO Allahabad 106,Allahabad,Uttar Pradesh,Delivery
266292,PO Lucknow 292,Lucknow,Uttar Pradesh,Delivery
266280,PO Kanpur 280,Kanpur,Uttar Pradesh,Delivery
267851,PO Kanpur 851,Kanpur,Uttar Pradesh,Delivery
267933,PO Agra 933,Agra,Uttar Pradesh,Delivery
267906,PO Varanasi 906,Varanasi,Uttar Pradesh,Delivery
268055,PO Kanpur 55,Kanpur,Uttar Pradesh,Delivery
268242,PO Kanpur 242,Kanpur,Uttar Pradesh,Delivery
268384,PO Agra 384,Agra,Uttar Pradesh,Non-Delivery
268954,PO Lucknow 954,Lucknow,Uttar Pradesh,Delivery
268666,PO Varanasi 666,Varanasi,Uttar Pradesh,Delivery
269040,PO Varanasi 40,Varanasi,Uttar Pradesh,Delivery
269484,PO Allahabad 484,Allahabad,Uttar Pradesh,Delivery
269778,PO Allahabad 778,Allahabad,Uttar Pradesh,Delivery
270928,PO Lucknow 928,Lucknow,Uttar Pradesh,Non-Delivery
270221,PO Agra 221,Agra,Uttar Pradesh,Delivery
271114,PO Varanasi 114,Varanasi,Uttar Pradesh,Delivery
271125,PO Lucknow 125,Lucknow,Uttar Pradesh,Delivery
271655,PO Meerut 655,Meerut,Uttar Pradesh,Delivery
271017,PO Allahabad 17,Allahabad,Uttar Pradesh,Delivery
272736,PO Agra 736,Agra,Uttar Pradesh,Delivery
272002,PO Meerut 2,Meerut,Uttar Pradesh,Delivery
272585,PO Kanpur 585,Kanpur,Uttar Pradesh,Delivery
273537,PO Varanasi 537,Varanasi,Uttar Pradesh,Delivery
273539,PO Meerut 539,Meerut,Uttar Pradesh,Delivery
274400,PO Kanpur 400,Kanpur,Uttar Pradesh,Non-Delivery
274397,PO Varanasi 397,Varanasi,Uttar Pradesh,Delivery
275366,PO Lucknow 366,Lucknow,Uttar Pradesh,Delivery
275751,PO Allahabad 751,Allahabad,Uttar Pradesh,Delivery
276137,PO Lucknow 137,Lucknow,Uttar Pradesh,Delivery
276347,PO Allahabad 347,Allahabad,Uttar Pradesh,Delivery
276798,PO Allahabad 798,Allahabad,Uttar Pradesh,Delivery
276713,PO Kanpur 713,Kanpur,Uttar Pradesh,Delivery
277065,PO Allahabad 65,Allahabad,Uttar Pradesh,Delivery
277469,PO Lucknow 469,Lucknow,Uttar Pradesh,Delivery
277045,PO Agra 45,Agra,Uttar Pradesh,Delivery
278956,PO Varanasi 956,Varanasi,Uttar Pradesh,Delivery
278835,PO Meerut 835,Meerut,Uttar Pradesh,Delivery
278038,PO Allahabad 38,Allahabad,Uttar Pradesh,Delivery
278366,PO Lucknow 366,Lucknow,Uttar Pradesh,Delivery
279280,PO Lucknow 280,Lucknow,Uttar Pradesh,Delivery
279448,PO Kanpur 448,Kanpur,Uttar Pradesh,Delivery
279917,PO Kanpur 917,Kanpur,Uttar Pradesh,Delivery
279192,PO Kanpur 192,Kanpur,Uttar Pradesh,Delivery
280947,PO Meerut 947,Meerut,Uttar Pradesh,Delivery
280085,PO Allahabad 85,Allahabad,Uttar Pradesh,Delivery
280441,PO Meerut 441,Meerut,Uttar Pradesh,Delivery
280185,PO Meerut 185,Meerut,Uttar Pradesh,Delivery
281082,PO Varanasi 82,Varanasi,Uttar Pradesh,Delivery
281314,PO Kanpur 314,Kanpur,Uttar Pradesh,Delivery
282171,PO Allahabad 171,Allahabad,Uttar Pradesh,Delivery
282458,PO Lucknow 458,Lucknow,Uttar Pradesh,Delivery
282934,PO Varanasi 934,Varanasi,Uttar Pradesh,Delivery
282446,PO Varanasi 446,Varanasi,Uttar Pradesh,Delivery
282811,PO Lucknow 811,Lucknow,Uttar Pradesh,Delivery
283373,PO Meerut 373,Meerut,Uttar Pradesh,Delivery
283696,PO Agra 696,Agra,Uttar Pradesh,Delivery
283147,PO Meerut 147,Meerut,Uttar Pradesh,Delivery
283449,PO Lucknow 449,Lucknow,Uttar Pradesh,Delivery
283242,PO Allahabad 242,Allahabad,Uttar Pradesh,Delivery
284973,PO Meerut 973,Meerut,Uttar Pradesh,Non-Delivery
284158,PO Allahabad 158,Allahabad,Uttar Pradesh,Delivery
284380,PO Varanasi 380,Varanasi,Uttar Pradesh,Delivery
284079,PO Meerut 79,Meerut,Uttar Pradesh,Delivery
284376,PO Kanpur 376,Kanpur,Uttar Pradesh,Delivery
285256,PO Lucknow 256,Lucknow,Uttar Pradesh,Non-Delivery
285191,PO Kanpur 191,Kanpur,Uttar Pradesh,Delivery
285936,PO Meerut 936,Meerut,Uttar Pradesh,Delivery
285794,PO Varanasi 794,Varanasi,Uttar Pradesh,Delivery
301627,PO Udaipur 627,Udaipur,Rajasthan,Delivery
301503,PO Jodhpur 503,Jodhpur,Rajasthan,Delivery
301874,PO Jaipur 874,Jaipur,Rajasthan,Delivery
302090,PO Udaipur 90,Udaipur,Rajasthan,Delivery
302727,PO Jaipur 727,Jaipur,Rajasthan,Delivery
302298,PO Udaipur 298,Udaipur,Rajasthan,Delivery
302729,PO Jodhpur 729,Jodhpur,Rajasthan,Delivery
302521,PO Jodhpur 521,Jodhpur,Rajasthan,Delivery
303812,PO Jodhpur 812,Jodhpur,Rajasthan,Delivery
303506,PO Jaipur 506,Jaipur,Rajasthan,Delivery
303587,PO Udaipur 587,Udaipur,Rajasthan,Delivery
304627,PO Jaipur 627,Jaipur,Rajasthan,Delivery
304408,PO Kota 408,Kota,Rajasthan,Delivery
304788,PO Kota 788,Kota,Rajasthan,Delivery
305129,PO Udaipur 129,Udaipur,Rajasthan,Delivery
305461,PO Kota 461,Kota,Rajasthan,Delivery
306132,PO Ajmer 132,Ajmer,Rajasthan,Delivery
306187,PO Jodhpur 187,Jodhpur,Rajasthan,Delivery
306933,PO Jaipur 933,Jaipur,Rajasthan,Delivery
306531,PO Jodhpur 531,Jodhpur,Rajasthan,Delivery
307331,PO Jodhpur 331,Jodhpur,Rajasthan,Delivery
307964,PO Ajmer 964,Ajmer,Rajasthan,Delivery
307867,PO Jaipur 867,Jaipur,Rajasthan,Delivery
308129,PO Udaipur 129,Udaipur,Rajasthan,Delivery
308096,PO Ajmer 96,Ajmer,Rajasthan,Delivery
308607,PO Ajmer 607,Ajmer,Rajasthan,Delivery
308675,PO Ajmer 675,Ajmer,Rajasthan,Delivery
309863,PO Ajmer 863,Ajmer,Rajasthan,Non-Delivery
309885,PO Jaipur 885,Jaipur,Rajasthan,Delivery
309972,PO Ajmer 972,Ajmer,Rajasthan,Delivery
309216,PO Ajmer 216,Ajmer,Rajasthan,Delivery
310510,PO Ajmer 510,Ajmer,Rajasthan,Delivery
310980,PO Udaipur 980,Udaipur,Rajasthan,Delivery
311305,PO Kota 305,Kota,Rajasthan,Delivery
311062,PO Jodhpur 62,Jodhpur,Rajasthan,Delivery
311496,PO Kota 496,Kota,Rajasthan,Delivery
311622,PO Jodhpur 622,Jodhpur,Rajasthan,Delivery
311736,PO Udaipur 736,Udaipur,Rajasthan,Delivery
312999,PO Kota 999,Kota,Rajasthan,Delivery
312380,PO Ajmer 380,Ajmer,Rajasthan,Delivery
312327,PO Jodhpur 327,Jodhpur,Rajasthan,Delivery
312274,PO Kota 274,Kota,Rajasthan,Delivery
313052,PO Udaipur 52,Udaipur,Rajasthan,Delivery
313885,PO Ajmer 885,Ajmer,Rajasthan,Delivery
314834,PO Udaipur 834,Udaipur,Rajasthan,Delivery
314739,PO Udaipur 739,Udaipur,Rajasthan,Delivery
314164,PO Kota 164,Kota,Rajasthan,Delivery
315511,PO Udaipur 511,Udaipur,Rajasthan,Delivery
315093,PO Kota 93,Kota,Rajasthan,Delivery
315990,PO Jodhpur 990,Jodhpur,Rajasthan,Delivery
315362,PO Jaipur 362,Jaipur,Rajasthan,Delivery
315507,PO Ajmer 507,Ajmer,Rajasthan,Delivery
316293,PO Ajmer 293,Ajmer,Rajasthan,Non-Delivery
316111,PO Kota 111,Kota,Rajasthan,Delivery
316271,PO Udaipur 271,Udaipur,Rajasthan,Delivery
316375,PO Jaipur 375,Jaipur,Rajasthan,Delivery
316584,PO Ajmer 584,Ajmer,Rajasthan,Delivery
317076,PO Kota 76,Kota,Rajasthan,Delivery
317783,PO Ajmer 783,Ajmer,Rajasthan,Delivery
317639,PO Ajmer 639,Ajmer,Rajasthan,Delivery
317999,PO Jaipur 999,Jaipur,Rajasthan,Delivery
318572,PO Udaipur 572,Udaipur,Rajasthan,Delivery
318204,PO Ajmer 204,Ajmer,Rajasthan,Delivery
318513,PO Jaipur 513,Jaipur,Rajasthan,Non-Delivery
318141,PO Udaipur 141,Udaipur,Rajasthan,Delivery
319153,PO Ajmer 153,Ajmer,Rajasthan,Delivery
319144,PO Udaipur 144,Udaipur,Rajasthan,Delivery
319327,PO Jodhpur 327,Jodhpur,Rajasthan,Delivery
319632,PO Udaipur 632,Udaipur,Rajasthan,Delivery
319520,PO Ajmer 520,Ajmer,Rajasthan,Delivery
320487,PO Jaipur 487,Jaipur,Rajasthan,Delivery
320690,PO Jaipur 690,Jaipur,Rajasthan,Delivery
320598,PO Udaipur 598,Udaipur,Rajasthan,Delivery
320743,PO Jaipur 743,Jaipur,Rajasthan,Delivery
321991,PO Ajmer 991,Ajmer,Rajasthan,Delivery
321739,PO Jaipur 739,Jaipur,Rajasthan,Delivery
321175,PO Ajmer 175,Ajmer,Rajasthan,Delivery
321635,PO Kota 635,Kota,Rajasthan,Delivery
322033,PO Ajmer 33,Ajmer,Rajasthan,Delivery
322113,PO Jodhpur 113,Jodhpur,Rajasthan,Non-Delivery
322322,PO Kota 322,Kota,Rajasthan,Delivery
323421,PO Ajmer 421,Ajmer,Rajasthan,Delivery
323943,PO Kota 943,Kota,Rajasthan,Delivery
323754,PO Jaipur 754,Jaipur,Rajasthan,Delivery
324575,PO Udaipur 575,Udaipur,Rajasthan,Delivery
324490,PO Ajmer 490,Ajmer,Rajasthan,Delivery
324980,PO Jodhpur 980,Jodhpur,Rajasthan,Delivery
325560,PO Udaipur 560,Udaipur,Rajasthan,Delivery
325889,PO Udaipur 889,Udaipur,Rajasthan,Delivery
325197,PO Jodhpur 197,Jodhpur,Rajasthan,Delivery
325306,PO Jodhpur 306,Jodhpur,Rajasthan,Delivery
326790,PO Udaipur 790,Udaipur,Rajasthan,Delivery
326707,PO Kota 707,Kota,Rajasthan,Delivery
326358,PO Ajmer 358,Ajmer,Rajasthan,Delivery
326815,PO Udaipur 815,Udaipur,Rajasthan,Delivery
327918,PO Kota 918,Kota,Rajasthan,Delivery
327978,PO Jodhpur 978,Jodhpur,Rajasthan,Delivery
327295,PO Jaipur 295,Jaipur,Rajasthan,Delivery
327453,PO Udaipur 453,Udaipur,Rajasthan,Delivery
327220,PO Jodhpur 220,Jodhpur,Rajasthan,Delivery
328956,PO Ajmer 956,Ajmer,Rajasthan,Delivery
328141,PO Jaipur 141,Jaipur,Rajasthan,Delivery
328601,PO Jodhpur 601,Jodhpur,Rajasthan,Delivery
328686,PO Ajmer 686,Ajmer,Rajasthan,Delivery
329054,PO Jaipur 54,Jaipur,Rajasthan,Delivery
329735,PO Kota 735,Kota,Rajasthan,Delivery
329790,PO Jodhpur 790,Jodhpur,Rajasthan,Non-Delivery
330417,PO Kota 417,Kota,Rajasthan,Delivery
330205,PO Udaipur 205,Udaipur,Rajasthan,Delivery
330662,PO Jaipur 662,Jaipur,Rajasthan,Delivery
331668,PO Ajmer 668,Ajmer,Rajasthan,Delivery
331757,PO Jaipur 757,Jaipur,Rajasthan,Delivery
332428,PO Jodhpur 428,Jodhpur,Rajasthan,Delivery
332038,PO Kota 38,Kota,Rajasthan,Delivery
332191,PO Udaipur 191,Udaipur,Rajasthan,Delivery
333306,PO Ajmer 306,Ajmer,Rajasthan,Delivery
333951,PO Udaipur 951,Udaipur,Rajasthan,Delivery
334911,PO Jodhpur 911,Jodhpur,Rajasthan,Delivery
334480,PO Udaipur 480,Udaipur,Rajasthan,Delivery
334116,PO Udaipur 116,Udaipur,Rajasthan,Delivery
334470,PO Udaipur 470,Udaipur,Rajasthan,Delivery
334015,PO Udaipur 15,Udaipur,Rajasthan,Delivery
335180,PO Ajmer 180,Ajmer,Rajasthan,Delivery
335919,PO Kota 919,Kota,Rajasthan,Delivery
335528,PO Udaipur 528,Udaipur,Rajasthan,Delivery
336190,PO Jodhpur 190,Jodhpur,Rajasthan,Delivery
336959,PO Jodhpur 959,Jodhpur,Rajasthan,Non-Delivery
337242,PO Kota 242,Kota,Rajasthan,Delivery
337977,PO Udaipur 977,Udaipur,Rajasthan,Delivery
337741,PO Ajmer 741,Ajmer,Rajasthan,Non-Delivery
337670,PO Udaipur 670,Udaipur,Rajasthan,Delivery
337064,PO Jaipur 64,Jaipur,Rajasthan,Delivery
338416,PO Ajmer 416,Ajmer,Rajasthan,Delivery
338910,PO Udaipur 910,Udaipur,Rajasthan,Delivery
338655,PO Udaipur 655,Udaipur,Rajasthan,Delivery
339225,PO Jodhpur 225,Jodhpur,Rajasthan,Delivery
339466,PO Ajmer 466,Ajmer,Rajasthan,Delivery
339719,PO Ajmer 719,Ajmer,Rajasthan,Delivery
340781,PO Jodhpur 781,Jodhpur,Rajasthan,Delivery
340611,PO Jaipur 611,Jaipur,Rajasthan,Delivery
340541,PO Udaipur 541,Udaipur,Rajasthan,Delivery
341064,PO Ajmer 64,Ajmer,Rajasthan,Delivery
341208,PO Ajmer 208,Ajmer,Rajasthan,Delivery
342336,PO Ajmer 336,Ajmer,Rajasthan,Delivery
342697,PO Jodhpur 697,Jodhpur,Rajasthan,Delivery
342501,PO Jaipur 501,Jaipur,Rajasthan,Delivery
343829,PO Jaipur 829,Jaipur,Rajasthan,Delivery
343526,PO Kota 526,Kota,Rajasthan,Delivery
343060,PO Ajmer 60,Ajmer,Rajasthan,Delivery
343827,PO Udaipur 827,Udaipur,Rajasthan,Delivery
343406,PO Udaipur 406,Udaipur,Rajasthan,Delivery
344593,PO Jaipur 593,Jaipur,Rajasthan,Non-Delivery
344353,PO Jaipur 353,Jaipur,Rajasthan,Delivery
344062,PO Jaipur 62,Jaipur,Rajasthan,Delivery
345033,PO Udaipur 33,Udaipur,Rajasthan,Delivery
345788,PO Jodhpur 788,Jodhpur,Rajasthan,Delivery
345747,PO Kota 747,Kota,Rajasthan,Delivery
345913,PO Kota 913,Kota,Rajasthan,Delivery
345940,PO Kota 940,Kota,Rajasthan,Delivery
360670,PO Vadodara 670,Vadodara,Gujarat,Delivery
360551,PO Rajkot 551,Rajkot,Gujarat,Delivery
360746,PO Surat 746,Surat,Gujarat,Delivery
361306,PO Rajkot 306,Rajkot,Gujarat,Delivery
361558,PO Rajkot 558,Rajkot,Gujarat,Delivery
362254,PO Rajkot 254,Rajkot,Gujarat,Delivery
362283,PO Surat 283,Surat,Gujarat,Delivery
362743,PO Ahmedabad 743,Ahmedabad,Gujarat,Non-Delivery
363630,PO Ahmedabad 630,Ahmedabad,Gujarat,Delivery
363069,PO Ahmedabad 69,Ahmedabad,Gujarat,Delivery
363458,PO Bhavnagar 458,Bhavnagar,Gujarat,Delivery
363894,PO Ahmedabad 894,Ahmedabad,Gujarat,Delivery
363046,PO Rajkot 46,Rajkot,Gujarat,Delivery
364773,PO Ahmedabad 773,Ahmedabad,Gujarat,Delivery
364297,PO Surat 297,Surat,Gujarat,Delivery
364750,PO Bhavnagar 750,Bhavnagar,Gujarat,Delivery
365243,PO Vadodara 243,Vadodara,Gujarat,Delivery
365677,PO Bhavnagar 677,Bhavnagar,Gujarat,Delivery
365308,PO Vadodara 308,Vadodara,Gujarat,Delivery
365972,PO Bhavnagar 972,Bhavnagar,Gujarat,Delivery
366642,PO Rajkot 642,Rajkot,Gujarat,Delivery
366049,PO Vadodara 49,Vadodara,Gujarat,Delivery
366688,PO Rajkot 688,Rajkot,Gujarat,Delivery
367714,PO Rajkot 714,Rajkot,Gujarat,Delivery
367308,PO Rajkot 308,Rajkot,Gujarat,Delivery
367551,PO Rajkot 551,Rajkot,Gujarat,Delivery
367231,PO Vadodara 231,Vadodara,Gujarat,Delivery
368826,PO Rajkot 826,Rajkot,Gujarat,Delivery
368576,PO Rajkot 576,Rajkot,Gujarat,Delivery
368571,PO Bhavnagar 571,Bhavnagar,Gujarat,Delivery
369262,PO Surat 262,Surat,Gujarat,Delivery
369081,PO Rajkot 81,Rajkot,Gujarat,Delivery
369095,PO Bhavnagar 95,Bhavnagar,Gujarat,Delivery
370053,PO Vadodara 53,Vadodara,Gujarat,Delivery
370620,PO Bhavnagar 620,Bhavnagar,Gujarat,Non-Delivery
370075,PO Surat 75,Surat,Gujarat,Delivery
371491,PO Surat 491,Surat,Gujarat,Delivery
371341,PO Vadodara 341,Vadodara,Gujarat,Delivery
371016,PO Surat 16,Surat,Gujarat,Delivery
372765,PO Rajkot 765,Rajkot,Gujarat,Delivery
372713,PO Bhavnagar 713,Bhavnagar,Gujarat,Delivery
373938,PO Surat 938,Surat,Gujarat,Delivery
373795,PO Vadodara 795,Vadodara,Gujarat,Delivery
373547,PO Vadodara 547,Vadodara,Gujarat,Delivery
373369,PO Bhavnagar 369,Bhavnagar,Gujarat,Delivery
373478,PO Ahmedabad 478,Ahmedabad,Gujarat,Delivery
374780,PO Vadodara 780,Vadodara,Gujarat,Delivery
374380,PO Vadodara 380,Vadodara,Gujarat,Delivery
374577,PO Surat 577,Surat,Gujarat,Delivery
374017,PO Vadodara 17,Vadodara,Gujarat,Delivery
374599,PO Bhavnagar 599,Bhavnagar,Gujarat,Delivery
375157,PO Surat 157,Surat,Gujarat,Delivery
375389,PO Bhavnagar 389,Bhavnagar,Gujarat,Delivery
375512,PO Bhavnagar 512,Bhavnagar,Gujarat,Delivery
375702,PO Vadodara 702,Vadodara,Gujarat,Delivery
376990,PO Rajkot 990,Rajkot,Gujarat,Delivery
376751,PO Vadodara 751,Vadodara,Gujarat,Delivery
376738,PO Bhavnagar 738,Bhavnagar,Gujarat,Delivery
376939,PO Bhavnagar 939,Bhavnagar,Gujarat,Delivery
376981,PO Ahmedabad 981,Ahmedabad,Gujarat,Delivery
377968,PO Ahmedabad 968,Ahmedabad,Gujarat,Delivery
377423,PO Surat 423,Surat,Gujarat,Delivery
378070,PO Surat 70,Surat,Gujarat,Non-Delivery
378518,PO Rajkot 518,Rajkot,Gujarat,Delivery
378633,PO Bhavnagar 633,Bhavnagar,Gujarat,Delivery
379017,PO Ahmedabad 17,Ahmedabad,Gujarat,Delivery
379422,PO Ahmedabad 422,Ahmedabad,Gujarat,Non-Delivery
379740,PO Vadodara 740,Vadodara,Gujarat,Delivery
379294,PO Ahmedabad 294,Ahmedabad,Gujarat,Delivery
379715,PO Rajkot 715,Rajkot,Gujarat,Delivery
380110,PO Ahmedabad 110,Ahmedabad,Gujarat,Delivery
380247,PO Surat 247,Surat,Gujarat,Delivery
380259,PO Vadodara 259,Vadodara,Gujarat,Delivery
381081,PO Vadodara 81,Vadodara,Gujarat,Delivery
381471,PO Bhavnagar 471,Bhavnagar,Gujarat,Delivery
381714,PO Surat 714,Surat,Gujarat,Delivery
381848,PO Ahmedabad 848,Ahmedabad,Gujarat,Delivery
381879,PO Ahmedabad 879,Ahmedabad,Gujarat,Delivery
382387,PO Bhavnagar 387,Bhavnagar,Gujarat,Delivery
382653,PO Ahmedabad 653,Ahmedabad,Gujarat,Delivery
382085,PO Rajkot 85,Rajkot,Gujarat,Delivery
382661,PO Vadodara 661,Vadodara,Gujarat,Delivery
382879,PO Ahmedabad 879,Ahmedabad,Gujarat,Delivery
383236,PO Surat 236,Surat,Gujarat,Delivery
383709,PO Bhavnagar 709,Bhavnagar,Gujarat,Delivery
384947,PO Ahmedabad 947,Ahmedabad,Gujarat,Delivery
384288,PO Bhavnagar 288,Bhavnagar,Gujarat,Delivery
385184,PO Vadodara 184,Vadodara,Gujarat,Non-Delivery
385213,PO Bhavnagar 213,Bhavnagar,Gujarat,Delivery
386952,PO Ahmedabad 952,Ahmedabad,Gujarat,Delivery
386578,PO Surat 578,Surat,Gujarat,Delivery
386870,PO Rajkot 870,Rajkot,Gujarat,Delivery
386554,PO Vadodara 554,Vadodara,Gujarat,Delivery
386758,PO Surat 758,Surat,Gujarat,Delivery
387513,PO Vadodara 513,Vadodara,Gujarat,Delivery
387448,PO Surat 448,Surat,Gujarat,Delivery
388620,PO Bhavnagar 620,Bhavnagar,Gujarat,Delivery
388407,PO Vadodara 407,Vadodara,Gujarat,Non-Delivery
388280,PO Rajkot 280,Rajkot,Gujarat,Delivery
388365,PO Bhavnagar 365,Bhavnagar,Gujarat,Delivery
389191,PO Bhavnagar 191,Bhavnagar,Gujarat,Delivery
389088,PO Bhavnagar 88,Bhavnagar,Gujarat,Delivery
389253,PO Ahmedabad 253,Ahmedabad,Gujarat,Delivery
389158,PO Rajkot 158,Rajkot,Gujarat,Delivery
389650,PO Surat 650,Surat,Gujarat,Delivery
390370,PO Ahmedabad 370,Ahmedabad,Gujarat,Delivery
390966,PO Vadodara 966,Vadodara,Gujarat,Delivery
390780,PO Vadodara 780,Vadodara,Gujarat,Delivery
390090,PO Surat 90,Surat,Gujarat,Delivery
391106,PO Ahmedabad 106,Ahmedabad,Gujarat,Delivery
391568,PO Ahmedabad 568,Ahmedabad,Gujarat,Delivery
391804,PO Vadodara 804,Vadodara,Gujarat,Delivery
391013,PO Vadodara 13,Vadodara,Gujarat,Delivery
391798,PO Ahmedabad 798,Ahmedabad,Gujarat,Delivery
392586,PO Bhavnagar 586,Bhavnagar,Gujarat,Delivery
392390,PO Surat 390,Surat,Gujarat,Delivery
392309,PO Vadodara 309,Vadodara,Gujarat,Delivery
393172,PO Rajkot 172,Rajkot,Gujarat,Delivery
393307,PO Rajkot 307,Rajkot,Gujarat,Delivery
394258,PO Surat 258,Surat,Gujarat,Delivery
394508,PO Bhavnagar 508,Bhavnagar,Gujarat,Delivery
394469,PO Ahmedabad 469,Ahmedabad,Gujarat,Delivery
394007,PO Rajkot 7,Rajkot,Gujarat,Delivery
395824,PO Vadodara 824,Vadodara,Gujarat,Delivery
395441,PO Bhavnagar 441,Bhavnagar,Gujarat,Delivery
395329,PO Bhavnagar 329,Bhavnagar,Gujarat,Delivery
395206,PO Rajkot 206,Rajkot,Gujarat,Delivery
395988,PO Rajkot 988,Rajkot,Gujarat,Delivery
396753,PO Rajkot 753,Rajkot,Gujarat,Delivery
396801,PO Surat 801,Surat,Gujarat,Delivery
396288,PO Rajkot 288,Rajkot,Gujarat,Delivery
396955,PO Bhavnagar 955,Bhavnagar,Gujarat,Delivery
400699,PO Solapur 699,Solapur,Maharashtra,Delivery
400976,PO Aurangabad 976,Aurangabad,Maharashtra,Delivery
400726,PO Pune 726,Pune,Maharashtra,Delivery
401852,PO Aurangabad 852,Aurangabad,Maharashtra,Delivery
401869,PO Solapur 869,Solapur,Maharashtra,Delivery
401690,PO Nashik 690,Nashik,Maharashtra,Delivery
401311,PO Pune 311,Pune,Maharashtra,Delivery
402733,PO Nashik 733,Nashik,Maharashtra,Delivery
402076,PO Nashik 76,Nashik,Maharashtra,Delivery
402491,PO Thane 491,Thane,Maharashtra,Delivery
403557,PO Mumbai 557,Mumbai,Maharashtra,Delivery
403369,PO Aurangabad 369,Aurangabad,Maharashtra,Delivery
403550,PO Thane 550,Thane,Maharashtra,Delivery
403088,PO Mumbai 88,Mumbai,Maharashtra,Delivery
403674,PO Aurangabad 674,Aurangabad,Maharashtra,Delivery
404577,PO Aurangabad 577,Aurangabad,Maharashtra,Delivery
404410,PO Solapur 410,Solapur,Maharashtra,Delivery
405109,PO Mumbai 109,Mumbai,Maharashtra,Delivery
405228,PO Thane 228,Thane,Maharashtra,Delivery
405572,PO Thane 572,Thane,Maharashtra,Delivery
405227,PO Nashik 227,Nashik,Maharashtra,Delivery
405475,PO Solapur 475,Solapur,Maharashtra,Delivery
406354,PO Mumbai 354,Mumbai,Maharashtra,Delivery
406303,PO Nashik 303,Nashik,Maharashtra,Delivery
406088,PO Mumbai 88,Mumbai,Maharashtra,Delivery
407357,PO Nagpur 357,Nagpur,Maharashtra,Delivery
407804,PO Pune 804,Pune,Maharashtra,Delivery
408327,PO Mumbai 327,Mumbai,Maharashtra,Delivery
408830,PO Aurangabad 830,Aurangabad,Maharashtra,Delivery
408870,PO Nagpur 870,Nagpur,Maharashtra,Delivery
408694,PO Solapur 694,Solapur,Maharashtra,Delivery
408759,PO Pune 759,Pune,Maharashtra,Delivery
409339,PO Thane 339,Thane,Maharashtra,Delivery
409474,PO Pune 474,Pune,Maharashtra,Delivery
409645,PO Pune 645,Pune,Maharashtra,Delivery
410406,PO Mumbai 406,Mumbai,Maharashtra,Delivery
410905,PO Pune 905,Pune,Maharashtra,Delivery
410440,PO Nashik 440,Nashik,Maharashtra,Non-Delivery
410220,PO Pune 220,Pune,Maharashtra,Delivery
410721,PO Solapur 721,Solapur,Maharashtra,Delivery
411819,PO Solapur 819,Solapur,Maharashtra,Delivery
411375,PO Nagpur 375,Nagpur,Maharashtra,Delivery
412269,PO Aurangabad 269,Aurangabad,Maharashtra,Delivery
412541,PO Aurangabad 541,Aurangabad,Maharashtra,Delivery
413626,PO Nashik 626,Nashik,Maharashtra,Delivery
413357,PO Nagpur 357,Nagpur,Maharashtra,Delivery
413633,PO Pune 633,Pune,Maharashtra,Delivery
413723,PO Solapur 723,Solapur,Maharashtra,Delivery
413630,PO Thane 630,Thane,Maharashtra,Delivery
414321,PO Mumbai 321,Mumbai,Maharashtra,Delivery
414120,PO Pune 120,Pune,Maharashtra,Delivery
414145,PO Thane 145,Thane,Maharashtra,Delivery
415589,PO Nashik 589,Nashik,Maharashtra,Delivery
415499,PO Aurangabad 499,Aurangabad,Maharashtra,Delivery
415942,PO Aurangabad 942,Aurangabad,Maharashtra,Delivery
416569,PO Pune 569,Pune,Maharashtra,Delivery
416144,PO Pune 144,Pune,Maharashtra,Delivery
416462,PO Thane 462,Thane,Maharashtra,Delivery
417975,PO Mumbai 975,Mumbai,Maharashtra,Delivery
417200,PO Solapur 200,Solapur,Maharashtra,Delivery
417576,PO Thane 576,Thane,Maharashtra,Delivery
417419,PO Aurangabad 419,Aurangabad,Maharashtra,Delivery
418501,PO Pune 501,Pune,Maharashtra,Delivery
418032,PO Solapur 32,Solapur,Maharashtra,Delivery
418300,PO Mumbai 300,Mumbai,Maharashtra,Delivery
418551,PO Nagpur 551,Nagpur,Maharashtra,Delivery
418469,PO Thane 469,Thane,Maharashtra,Delivery
419563,PO Thane 563,Thane,Maharashtra,Delivery
419117,PO Nagpur 117,Nagpur,Maharashtra,Delivery
419844,PO Nagpur 844,Nagpur,Maharashtra,Delivery
419775,PO Mumbai 775,Mumbai,Maharashtra,Delivery
419452,PO Thane 452,Thane,Maharashtra,Delivery
420105,PO Aurangabad 105,Aurangabad,Maharashtra,Delivery
420770,PO Pune 770,Pune,Maharashtra,Delivery
420034,PO Nashik 34,Nashik,Maharashtra,Delivery
420883,PO Solapur 883,Solapur,Maharashtra,Delivery
420887,PO Mumbai 887,Mumbai,Maharashtra,Delivery
421215,PO Solapur 215,Solapur,Maharashtra,Delivery
421706,PO Nagpur 706,Nagpur,Maharashtra,Delivery
421625,PO Aurangabad 625,Aurangabad,Maharashtra,Delivery
422804,PO Pune 804,Pune,Maharashtra,Delivery
422825,PO Mumbai 825,Mumbai,Maharashtra,Delivery
422546,PO Nagpur 546,Nagpur,Maharashtra,Delivery
423332,PO Aurangabad 332,Aurangabad,Maharashtra,Delivery
423587,PO Nagpur 587,Nagpur,Maharashtra,Delivery
423527,PO Aurangabad 527,Aurangabad,Maharashtra,Delivery
424986,PO Solapur 986,Solapur,Maharashtra,Delivery
424941,PO Mumbai 941,Mumbai,Maharashtra,Delivery
424888,PO Aurangabad 888,Aurangabad,Maharashtra,Delivery
425256,PO Pune 256,Pune,Maharashtra,Delivery
425849,PO Pune 849,Pune,Maharashtra,Delivery
425693,PO Nashik 693,Nashik,Maharashtra,Delivery
426643,PO Nashik 643,Nashik,Maharashtra,Delivery
426078,PO Aurangabad 78,Aurangabad,Maharashtra,Delivery
426788,PO Mumbai 788,Mumbai,Maharashtra,Delivery
426768,PO Nagpur 768,Nagpur,Maharashtra,Delivery
427466,PO Nashik 466,Nashik,Maharashtra,Delivery
427003,PO Solapur 3,Solapur,Maharashtra,Delivery
427751,PO Mumbai 751,Mumbai,Maharashtra,Delivery
427470,PO Aurangabad 470,Aurangabad,Maharashtra,Delivery
428871,PO Mumbai 871,Mumbai,Maharashtra,Delivery
428408,PO Pune 408,Pune,Maharashtra,Delivery
428845,PO Pune 845,Pune,Maharashtra,Delivery
428331,PO Solapur 331,Solapur,Maharashtra,Delivery
429580,PO Solapur 580,Solapur,Maharashtra,Delivery
429352,PO Aurangabad 352,Aurangabad,Maharashtra,Delivery
429048,PO Mumbai 48,Mumbai,Maharashtra,Delivery
430017,PO Mumbai 17,Mumbai,Maharashtra,Delivery
430162,PO Nashik 162,Nashik,Maharashtra,Delivery
430982,PO Nashik 982,Nashik,Maharashtra,Delivery
430706,PO Pune 706,Pune,Maharashtra,Delivery
430310,PO Pune 310,Pune,Maharashtra,Delivery
431096,PO Aurangabad 96,Aurangabad,Maharashtra,Delivery
431085,PO Nagpur 85,Nagpur,Maharashtra,Delivery
431665,PO Pune 665,Pune,Maharashtra,Delivery
431641,PO Nagpur 641,Nagpur,Maharashtra,Delivery
432440,PO Aurangabad 440,Aurangabad,Maharashtra,Delivery
432098,PO Mumbai 98,Mumbai,Maharashtra,Delivery
432080,PO Pune 80,Pune,Maharashtra,Delivery
433010,PO Mumbai 10,Mumbai,Maharashtra,Delivery
433837,PO Mumbai 837,Mumbai,Maharashtra,Delivery
433433,PO Aurangabad 433,Aurangabad,Maharashtra,Delivery
433073,PO Pune 73,Pune,Maharashtra,Delivery
433749,PO Solapur 749,Solapur,Maharashtra,Delivery
434377,PO Nagpur 377,Nagpur,Maharashtra,Delivery
434793,PO Solapur 793,Solapur,Maharashtra,Delivery
434137,PO Aurangabad 137,Aurangabad,Maharashtra,Delivery
434147,PO Mumbai 147,Mumbai,Maharashtra,Delivery
435625,PO Aurangabad 625,Aurangabad,Maharashtra,Delivery
435360,PO Aurangabad 360,Aurangabad,Maharashtra,Delivery
436942,PO Nashik 942,Nashik,Maharashtra,Delivery
436454,PO Solapur 454,Solapur,Maharashtra,Delivery
436919,PO Mumbai 919,Mumbai,Maharashtra,Delivery
437604,PO Aurangabad 604,Aurangabad,Maharashtra,Delivery
437987,PO Nashik 987,Nashik,Maharashtra,Delivery
438254,PO Nagpur 254,Nagpur,Maharashtra,Delivery
438255,PO Thane 255,Thane,Maharashtra,Delivery
438739,PO Thane 739,Thane,Maharashtra,Delivery
439869,PO Solapur 869,Solapur,Maharashtra,Delivery
439309,PO Pune 309,Pune,Maharashtra,Delivery
440766,PO Nashik 766,Nashik,Maharashtra,Delivery
440056,PO Solapur 56,Solapur,Maharashtra,Delivery
440978,PO Pune 978,Pune,Maharashtra,Delivery
441247,PO Nashik 247,Nashik,Maharashtra,Delivery
441073,PO Thane 73,Thane,Maharashtra,Delivery
442370,PO Nagpur 370,Nagpur,Maharashtra,Delivery
442882,PO Solapur 882,Solapur,Maharashtra,Delivery
443560,PO Aurangabad 560,Aurangabad,Maharashtra,Delivery
443483,PO Solapur 483,Solapur,Maharashtra,Delivery
443602,PO Mumbai 602,Mumbai,Maharashtra,Non-Delivery
443221,PO Mumbai 221,Mumbai,Maharashtra,Delivery
444519,PO Nagpur 519,Nagpur,Maharashtra,Delivery
444514,PO Solapur 514,Solapur,Maharashtra,Delivery
444719,PO Nashik 719,Nashik,Maharashtra,Delivery
444550,PO Thane 550,Thane,Maharashtra,Delivery
444285,PO Mumbai 285,Mumbai,Maharashtra,Delivery
445998,PO Solapur 998,Solapur,Maharashtra,Delivery
445335,PO Nashik 335,Nashik,Maharashtra,Delivery
445782,PO Solapur 782,Solapur,Maharashtra,Delivery
450318,PO Gwalior 318,Gwalior,Madhya Pradesh,Delivery
450867,PO Indore 867,Indore,Madhya Pradesh,Delivery
451947,PO Gwalior 947,Gwalior,Madhya Pradesh,Delivery
451627,PO Ujjain 627,Ujjain,Madhya Pradesh,Delivery
452123,PO Bhopal 123,Bhopal,Madhya Pradesh,Delivery
452719,PO Bhopal 719,Bhopal,Madhya Pradesh,Delivery
452976,PO Jabalpur 976,Jabalpur,Madhya Pradesh,Delivery
453171,PO Jabalpur 171,Jabalpur,Madhya Pradesh,Delivery
453800,PO Jabalpur 800,Jabalpur,Madhya Pradesh,Delivery
453121,PO Bhopal 121,Bhopal,Madhya Pradesh,Delivery
453440,PO Jabalpur 440,Jabalpur,Madhya Pradesh,Delivery
454730,PO Ujjain 730,Ujjain,Madhya Pradesh,Delivery
454509,PO Gwalior 509,Gwalior,Madhya Pradesh,Delivery
454057,PO Gwalior 57,Gwalior,Madhya Pradesh,Delivery
454171,PO Jabalpur 171,Jabalpur,Madhya Pradesh,Delivery
455916,PO Ujjain 916,Ujjain,Madhya Pradesh,Delivery
455119,PO Indore 119,Indore,Madhya Pradesh,Delivery
456046,PO Bhopal 46,Bhopal,Madhya Pradesh,Delivery
456484,PO Jabalpur 484,Jabalpur,Madhya Pradesh,Delivery
457184,PO Bhopal 184,Bhopal,Madhya Pradesh,Delivery
457936,PO Gwalior 936,Gwalior,Madhya Pradesh,Delivery
457255,PO Gwalior 255,Gwalior,Madhya Pradesh,Delivery
458278,PO Bhopal 278,Bhopal,Madhya Pradesh,Delivery
458123,PO Ujjain 123,Ujjain,Madhya Pradesh,Delivery
458054,PO Indore 54,Indore,Madhya Pradesh,Delivery
458529,PO Bhopal 529,Bhopal,Madhya Pradesh,Delivery
459899,PO Gwalior 899,Gwalior,Madhya Pradesh,Delivery
459793,PO Jabalpur 793,Jabalpur,Madhya Pradesh,Delivery
460009,PO Jabalpur 9,Jabalpur,Madhya Pradesh,Delivery
460578,PO Jabalpur 578,Jabalpur,Madhya Pradesh,Delivery
460249,PO Gwalior 249,Gwalior,Madhya Pradesh,Delivery
460996,PO Gwalior 996,Gwalior,Madhya Pradesh,Delivery
460795,PO Indore 795,Indore,Madhya Pradesh,Delivery
461155,PO Bhopal 155,Bhopal,Madhya Pradesh,Delivery
461025,PO Indore 25,Indore,Madhya Pradesh,Delivery
461652,PO Bhopal 652,Bhopal,Madhya Pradesh,Delivery
462778,PO Gwalior 778,Gwalior,Madhya Pradesh,Delivery
462745,PO Jabalpur 745,Jabalpur,Madhya Pradesh,Delivery
463430,PO Gwalior 430,Gwalior,Madhya Pradesh,Delivery
463996,PO Indore 996,Indore,Madhya Pradesh,Delivery
463096,PO Bhopal 96,Bhopal,Madhya Pradesh,Delivery
464718,PO Jabalpur 718,Jabalpur,Madhya Pradesh,Delivery
464766,PO Bhopal 766,Bhopal,Madhya Pradesh,Delivery
464518,PO Indore 518,Indore,Madhya Pradesh,Delivery
464404,PO Bhopal 404,Bhopal,Madhya Pradesh,Delivery
464064,PO Gwalior 64,Gwalior,Madhya Pradesh,Delivery
465243,PO Jabalpur 243,Jabalpur,Madhya Pradesh,Delivery
465323,PO Gwalior 323,Gwalior,Madhya Pradesh,Delivery
465754,PO Jabalpur 754,Jabalpur,Madhya Pradesh,Delivery
466240,PO Bhopal 240,Bhopal,Madhya Pradesh,Delivery
466140,PO Ujjain 140,Ujjain,Madhya Pradesh,Delivery
466109,PO Indore 109,Indore,Madhya Pradesh,Delivery
466322,PO Gwalior 322,Gwalior,Madhya Pradesh,Delivery
467988,PO Indore 988,Indore,Madhya Pradesh,Delivery
467475,PO Jabalpur 475,Jabalpur,Madhya Pradesh,Delivery
467093,PO Indore 93,Indore,Madhya Pradesh,Delivery
467312,PO Ujjain 312,Ujjain,Madhya Pradesh,Non-Delivery
468152,PO Bhopal 152,Bhopal,Madhya Pradesh,Delivery
468992,PO Jabalpur 992,Jabalpur,Madhya Pradesh,Delivery
468051,PO Jabalpur 51,Jabalpur,Madhya Pradesh,Delivery
468179,PO Bhopal 179,Bhopal,Madhya Pradesh,Delivery
469570,PO Ujjain 570,Ujjain,Madhya Pradesh,Delivery
469474,PO Bhopal 474,Bhopal,Madhya Pradesh,Delivery
469144,PO Bhopal 144,Bhopal,Madhya Pradesh,Non-Delivery
469851,PO Indore 851,Indore,Madhya Pradesh,Delivery
469844,PO Gwalior 844,Gwalior,Madhya Pradesh,Delivery
470597,PO Ujjain 597,Ujjain,Madhya Pradesh,Delivery
470833,PO Bhopal 833,Bhopal,Madhya Pradesh,Non-Delivery
471203,PO Gwalior 203,Gwalior,Madhya Pradesh,Delivery
471095,PO Jabalpur 95,Jabalpur,Madhya Pradesh,Delivery
472052,PO Indore 52,Indore,Madhya Pradesh,Delivery
472444,PO Gwalior 444,Gwalior,Madhya Pradesh,Delivery
472392,PO Gwalior 392,Gwalior,Madhya Pradesh,Delivery
472220,PO Indore 220,Indore,Madhya Pradesh,Delivery
472457,PO Indore 457,Indore,Madhya Pradesh,Non-Delivery
473663,PO Jabalpur 663,Jabalpur,Madhya Pradesh,Delivery
473904,PO Ujjain 904,Ujjain,Madhya Pradesh,Delivery
473090,PO Jabalpur 90,Jabalpur,Madhya Pradesh,Delivery
474205,PO Ujjain 205,Ujjain,Madhya Pradesh,Delivery
474822,PO Ujjain 822,Ujjain,Madhya Pradesh,Delivery
474392,PO Jabalpur 392,Jabalpur,Madhya Pradesh,Delivery
474801,PO Gwalior 801,Gwalior,Madhya Pradesh,Delivery
474580,PO Ujjain 580,Ujjain,Madhya Pradesh,Delivery
475185,PO Bhopal 185,Bhopal,Madhya Pradesh,Delivery
475225,PO Bhopal 225,Bhopal,Madhya Pradesh,Delivery
475798,PO Jabalpur 798,Jabalpur,Madhya Pradesh,Delivery
475484,PO Ujjain 484,Ujjain,Madhya Pradesh,Delivery
476998,PO Indore 998,Indore,Madhya Pradesh,Delivery
476673,PO Indore 673,Indore,Madhya Pradesh,Delivery
476836,PO Bhopal 836,Bhopal,Madhya Pradesh,Delivery
477590,PO Gwalior 590,Gwalior,Madhya Pradesh,Delivery
477860,PO Indore 860,Indore,Madhya Pradesh,Delivery
477607,PO Jabalpur 607,Jabalpur,Madhya Pradesh,Delivery
478936,PO Ujjain 936,Ujjain,Madhya Pradesh,Non-Delivery
478718,PO Jabalpur 718,Jabalpur,Madhya Pradesh,Delivery
478578,PO Indore 578,Indore,Madhya Pradesh,Delivery
478193,PO Gwalior 193,Gwalior,Madhya Pradesh,Delivery
479503,PO Bhopal 503,Bhopal,Madhya Pradesh,Delivery
479239,PO Ujjain 239,Ujjain,Madhya Pradesh,Delivery
479540,PO Gwalior 540,Gwalior,Madhya Pradesh,Non-Delivery
480826,PO Indore 826,Indore,Madhya Pradesh,Delivery
480182,PO Jabalpur 182,Jabalpur,Madhya Pradesh,Delivery
480152,PO Ujjain 152,Ujjain,Madhya Pradesh,Delivery
481793,PO Bhopal 793,Bhopal,Madhya Pradesh,Delivery
481882,PO Jabalpur 882,Jabalpur,Madhya Pradesh,Delivery
481383,PO Gwalior 383,Gwalior,Madhya Pradesh,Delivery
482310,PO Jabalpur 310,Jabalpur,Madhya Pradesh,Delivery
482162,PO Gwalior 162,Gwalior,Madhya Pradesh,Delivery
482984,PO Gwalior 984,Gwalior,Madhya Pradesh,Delivery
482179,PO Ujjain 179,Ujjain,Madhya Pradesh,Delivery
483229,PO Ujjain 229,Ujjain,Madhya Pradesh,Delivery
483388,PO Jabalpur 388,Jabalpur,Madhya Pradesh,Delivery
483302,PO Indore 302,Indore,Madhya Pradesh,Delivery
483002,PO Ujjain 2,Ujjain,Madhya Pradesh,Delivery
484187,PO Ujjain 187,Ujjain,Madhya Pradesh,Delivery
484829,PO Ujjain 829,Ujjain,Madhya Pradesh,Delivery
485960,PO Gwalior 960,Gwalior,Madhya Pradesh,Delivery
485764,PO Bhopal 764,Bhopal,Madhya Pradesh,Delivery
486172,PO Bhopal 172,Bhopal,Madhya Pradesh,Delivery
486687,PO Jabalpur 687,Jabalpur,Madhya Pradesh,Delivery
486272,PO Indore 272,Indore,Madhya Pradesh,Delivery
486070,PO Jabalpur 70,Jabalpur,Madhya Pradesh,Delivery
487738,PO Bhopal 738,Bhopal,Madhya Pradesh,Non-Delivery
487449,PO Gwalior 449,Gwalior,Madhya Pradesh,Delivery
488505,PO Gwalior 505,Gwalior,Madhya Pradesh,Delivery
488385,PO Bhopal 385,Bhopal,Madhya Pradesh,Delivery
488808,PO Ujjain 808,Ujjain,Madhya Pradesh,Delivery
488704,PO Indore 704,Indore,Madhya Pradesh,Delivery
488076,PO Bhopal 76,Bhopal,Madhya Pradesh,Delivery
489268,PO Bhopal 268,Bhopal,Madhya Pradesh,Delivery
489175,PO Gwalior 175,Gwalior,Madhya Pradesh,Delivery
489077,PO Ujjain 77,Ujjain,Madhya Pradesh,Delivery
489096,PO Jabalpur 96,Jabalpur,Madhya Pradesh,Delivery
490722,PO Bhopal 722,Bhopal,Madhya Pradesh,Delivery
490670,PO Indore 670,Indore,Madhya Pradesh,Delivery
490445,PO Indore 445,Indore,Madhya Pradesh,Delivery
490340,PO Indore 340,Indore,Madhya Pradesh,Delivery
490420,PO Ujjain 420,Ujjain,Madhya Pradesh,Delivery
491677,PO Jabalpur 677,Jabalpur,Madhya Pradesh,Delivery
491099,PO Bhopal 99,Bhopal,Madhya Pradesh,Delivery
491563,PO Gwalior 563,Gwalior,Madhya Pradesh,Delivery
491370,PO Bhopal 370,Bhopal,Madhya Pradesh,Delivery
492844,PO Ujjain 844,Ujjain,Madhya Pradesh,Delivery
492100,PO Bhopal 100,Bhopal,Madhya Pradesh,Delivery
492654,PO Jabalpur 654,Jabalpur,Madhya Pradesh,Delivery
492485,PO Bhopal 485,Bhopal,Madhya Pradesh,Delivery
493483,PO Gwalior 483,Gwalior,Madhya Pradesh,Delivery
493272,PO Bhopal 272,Bhopal,Madhya Pradesh,Delivery
493397,PO Indore 397,Indore,Madhya Pradesh,Delivery
493391,PO Jabalpur 391,Jabalpur,Madhya Pradesh,Delivery
493046,PO Jabalpur 46,Jabalpur,Madhya Pradesh,Delivery
494232,PO Jabalpur 232,Jabalpur,Madhya Pradesh,Delivery
494155,PO Bhopal 155,Bhopal,Madhya Pradesh,Delivery
494353,PO Ujjain 353,Ujjain,Madhya Pradesh,Delivery
494775,PO Ujjain 775,Ujjain,Madhya Pradesh,Delivery
495861,PO Gwalior 861,Gwalior,Madhya Pradesh,Delivery
495429,PO Ujjain 429,Ujjain,Madhya Pradesh,Delivery
496587,PO Indore 587,Indore,Madhya Pradesh,Delivery
496081,PO Gwalior 81,Gwalior,Madhya Pradesh,Delivery
496732,PO Bhopal 732,Bhopal,Madhya Pradesh,Delivery
496923,PO Ujjain 923,Ujjain,Madhya Pradesh,Delivery
496694,PO Ujjain 694,Ujjain,Madhya Pradesh,Delivery
497178,PO Indore 178,Indore,Madhya Pradesh,Delivery
497828,PO Indore 828,Indore,Madhya Pradesh,Delivery
497434,PO Bhopal 434,Bhopal,Madhya Pradesh,Delivery
497446,PO Indore 446,Indore,Madhya Pradesh,Delivery
497643,PO Indore 643,Indore,Madhya Pradesh,Delivery
403328,PO Goa District 328,Goa District,Goa,Delivery
403570,PO Goa District 570,Goa District,Goa,Delivery
403878,PO Goa District 878,Goa District,Goa,Delivery
403940,PO Goa District 940,Goa District,Goa,Delivery
560116,PO Mangalore 116,Mangalore,Karnataka,Delivery
560581,PO Belgaum 581,Belgaum,Karnataka,Delivery
560988,PO Bengaluru Urban 988,Bengaluru Urban,Karnataka,Delivery
560577,PO Bengaluru Urban 577,Bengaluru Urban,Karnataka,Delivery
560889,PO Belgaum 889,Belgaum,Karnataka,Delivery
561271,PO Mangalore 271,Mangalore,Karnataka,Delivery
561586,PO Belgaum 586,Belgaum,Karnataka,Delivery
561177,PO Hubli 177,Hubli,Karnataka,Delivery
561634,PO Belgaum 634,Belgaum,Karnataka,Delivery
561412,PO Bengaluru Urban 412,Bengaluru Urban,Karnataka,Delivery
562708,PO Mysuru 708,Mysuru,Karnataka,Non-Delivery
562487,PO Hubli 487,Hubli,Karnataka,Delivery
562021,PO Hubli 21,Hubli,Karnataka,Delivery
562311,PO Hubli 311,Hubli,Karnataka,Delivery
563879,PO Bengaluru Urban 879,Bengaluru Urban,Karnataka,Delivery
563234,PO Mysuru 234,Mysuru,Karnataka,Delivery
563762,PO Mangalore 762,Mangalore,Karnataka,Delivery
563329,PO Hubli 329,Hubli,Karnataka,Delivery
563620,PO Bengaluru Urban 620,Bengaluru Urban,Karnataka,Delivery
564936,PO Mangalore 936,Mangalore,Karnataka,Delivery
564778,PO Belgaum 778,Belgaum,Karnataka,Delivery
564841,PO Bengaluru Urban 841,Bengaluru Urban,Karnataka,Delivery
565068,PO Hubli 68,Hubli,Karnataka,Delivery
565414,PO Mysuru 414,Mysuru,Karnataka,Delivery
565537,PO Belgaum 537,Belgaum,Karnataka,Non-Delivery
566897,PO Mysuru 897,Mysuru,Karnataka,Delivery
566256,PO Bengaluru Urban 256,Bengaluru Urban,Karnataka,Delivery
566941,PO Hubli 941,Hubli,Karnataka,Delivery
567378,PO Mangalore 378,Mangalore,Karnataka,Delivery
567651,PO Bengaluru Urban 651,Bengaluru Urban,Karnataka,Delivery
567248,PO Hubli 248,Hubli,Karnataka,Delivery
567457,PO Mysuru 457,Mysuru,Karnataka,Delivery
568601,PO Belgaum 601,Belgaum,Karnataka,Delivery
568168,PO Hubli 168,Hubli,Karnataka,Delivery
568706,PO Bengaluru Urban 706,Bengaluru Urban,Karnataka,Delivery
568396,PO Bengaluru Urban 396,Bengaluru Urban,Karnataka,Delivery
568586,PO Mysuru 586,Mysuru,Karnataka,Delivery
569694,PO Mysuru 694,Mysuru,Karnataka,Delivery
569420,PO Belgaum 420,Belgaum,Karnataka,Non-Delivery
569800,PO Bengaluru Urban 800,Bengaluru Urban,Karnataka,Delivery
570663,PO Mysuru 663,Mysuru,Karnataka,Delivery
570009,PO Mysuru 9,Mysuru,Karnataka,Delivery
570825,PO Hubli 825,Hubli,Karnataka,Delivery
571434,PO Mangalore 434,Mangalore,Karnataka,Delivery
571471,PO Hubli 471,Hubli,Karnataka,Delivery
571310,PO Belgaum 310,Belgaum,Karnataka,Delivery
571407,PO Belgaum 407,Belgaum,Karnataka,Delivery
572575,PO Belgaum 575,Belgaum,Karnataka,Delivery
572306,PO Bengaluru Urban 306,Bengaluru Urban,Karnataka,Delivery
572345,PO Hubli 345,Hubli,Karnataka,Delivery
572883,PO Hubli 883,Hubli,Karnataka,Delivery
573193,PO Mysuru 193,Mysuru,Karnataka,Delivery
573247,PO Bengaluru Urban 247,Bengaluru Urban,Karnataka,Delivery
573822,PO Belgaum 822,Belgaum,Karnataka,Delivery
573328,PO Mysuru 328,Mysuru,Karnataka,Delivery
574303,PO Hubli 303,Hubli,Karnataka,Delivery
574415,PO Mangalore 415,Mangalore,Karnataka,Delivery
574598,PO Belgaum 598,Belgaum,Karnataka,Delivery
574352,PO Mysuru 352,Mysuru,Karnataka,Delivery
574654,PO Mangalore 654,Mangalore,Karnataka,Delivery
575520,PO Hubli 520,Hubli,Karnataka,Delivery
575861,PO Belgaum 861,Belgaum,Karnataka,Delivery
575100,PO Mangalore 100,Mangalore,Karnataka,Delivery
575265,PO Belgaum 265,Belgaum,Karnataka,Delivery
576970,PO Hubli 970,Hubli,Karnataka,Delivery
576228,PO Hubli 228,Hubli,Karnataka,Delivery
576893,PO Hubli 893,Hubli,Karnataka,Delivery
577381,PO Hubli 381,Hubli,Karnataka,Delivery
577475,PO Bengaluru Urban 475,Bengaluru Urban,Karnataka,Delivery
577888,PO Belgaum 888,Belgaum,Karnataka,Delivery
577636,PO Bengaluru Urban 636,Bengaluru Urban,Karnataka,Delivery
578513,PO Bengaluru Urban 513,Bengaluru Urban,Karnataka,Delivery
578391,PO Belgaum 391,Belgaum,Karnataka,Delivery
578056,PO Mysuru 56,Mysuru,Karnataka,Delivery
579351,PO Mangalore 351,Mangalore,Karnataka,Delivery
579915,PO Mangalore 915,Mangalore,Karnataka,Delivery
579884,PO Mysuru 884,Mysuru,Karnataka,Delivery
580341,PO Mysuru 341,Mysuru,Karnataka,Delivery
580060,PO Bengaluru Urban 60,Bengaluru Urban,Karnataka,Delivery
580215,PO Mysuru 215,Mysuru,Karnataka,Delivery
580163,PO Mangalore 163,Mangalore,Karnataka,Delivery
580799,PO Bengaluru Urban 799,Bengaluru Urban,Karnataka,Delivery
581649,PO Mangalore 649,Mangalore,Karnataka,Delivery
581989,PO Mangalore 989,Mangalore,Karnataka,Delivery
581039,PO Belgaum 39,Belgaum,Karnataka,Delivery
581383,PO Bengaluru Urban 383,Bengaluru Urban,Karnataka,Delivery
581776,PO Belgaum 776,Belgaum,Karnataka,Delivery
582642,PO Mysuru 642,Mysuru,Karnataka,Delivery
582899,PO Hubli 899,Hubli,Karnataka,Delivery
583393,PO Belgaum 393,Belgaum,Karnataka,Delivery
583172,PO Bengaluru Urban 172,Bengaluru Urban,Karnataka,Delivery
584972,PO Hubli 972,Hubli,Karnataka,Delivery
584533,PO Belgaum 533,Belgaum,Karnataka,Delivery
584445,PO Mysuru 445,Mysuru,Karnataka,Delivery
584924,PO Mangalore 924,Mangalore,Karnataka,Delivery
585169,PO Mangalore 169,Mangalore,Karnataka,Non-Delivery
585230,PO Mysuru 230,Mysuru,Karnataka,Delivery
585023,PO Belgaum 23,Belgaum,Karnataka,Delivery
586376,PO Bengaluru Urban 376,Bengaluru Urban,Karnataka,Delivery
586656,PO Hubli 656,Hubli,Karnataka,Delivery
587609,PO Bengaluru Urban 609,Bengaluru Urban,Karnataka,Delivery
587670,PO Bengaluru Urban 670,Bengaluru Urban,Karnataka,Non-Delivery
588427,PO Mangalore 427,Mangalore,Karnataka,Delivery
588561,PO Hubli 561,Hubli,Karnataka,Delivery
589211,PO Bengaluru Urban 211,Bengaluru Urban,Karnataka,Delivery
589678,PO Bengaluru Urban 678,Bengaluru Urban,Karnataka,Delivery
589277,PO Belgaum 277,Belgaum,Karnataka,Delivery
590429,PO Bengaluru Urban 429,Bengaluru Urban,Karnataka,Delivery
590633,PO Bengaluru Urban 633,Bengaluru Urban,Karnataka,Delivery
590804,PO Bengaluru Urban 804,Bengaluru Urban,Karnataka,Delivery
591797,PO Hubli 797,Hubli,Karnataka,Delivery
591997,PO Mysuru 997,Mysuru,Karnataka,Delivery
591420,PO Hubli 420,Hubli,Karnataka,Delivery
500933,PO Vijayawada 933,Vijayawada,Andhra Pradesh,Delivery
500493,PO Guntur 493,Guntur,Andhra Pradesh,Delivery
500014,PO Visakhapatnam 14,Visakhapatnam,Andhra Pradesh,Delivery
500856,PO Tirupati 856,Tirupati,Andhra Pradesh,Delivery
500153,PO Visakhapatnam 153,Visakhapatnam,Andhra Pradesh,Delivery
501741,PO Visakhapatnam 741,Visakhapatnam,Andhra Pradesh,Delivery
501660,PO Vijayawada 660,Vijayawada,Andhra Pradesh,Delivery
502271,PO Nellore 271,Nellore,Andhra Pradesh,Delivery
502833,PO Vijayawada 833,Vijayawada,Andhra Pradesh,Delivery
502873,PO Guntur 873,Guntur,Andhra Pradesh,Delivery
502694,PO Guntur 694,Guntur,Andhra Pradesh,Delivery
503098,PO Visakhapatnam 98,Visakhapatnam,Andhra Pradesh,Non-Delivery
503142,PO Vijayawada 142,Vijayawada,Andhra Pradesh,Delivery
504979,PO Tirupati 979,Tirupati,Andhra Pradesh,Delivery
504751,PO Visakhapatnam 751,Visakhapatnam,Andhra Pradesh,Delivery
504351,PO Vijayawada 351,Vijayawada,Andhra Pradesh,Delivery
504410,PO Nellore 410,Nellore,Andhra Pradesh,Delivery
504395,PO Nellore 395,Nellore,Andhra Pradesh,Delivery
505116,PO Vijayawada 116,Vijayawada,Andhra Pradesh,Delivery
505061,PO Vijayawada 61,Vijayawada,Andhra Pradesh,Delivery
505934,PO Tirupati 934,Tirupati,Andhra Pradesh,Delivery
506186,PO Tirupati 186,Tirupati,Andhra Pradesh,Delivery
506368,PO Tirupati 368,Tirupati,Andhra Pradesh,Non-Delivery
506701,PO Vijayawada 701,Vijayawada,Andhra Pradesh,Delivery
506500,PO Visakhapatnam 500,Visakhapatnam,Andhra Pradesh,Delivery
506452,PO Visakhapatnam 452,Visakhapatnam,Andhra Pradesh,Delivery
507013,PO Tirupati 13,Tirupati,Andhra Pradesh,Delivery
507591,PO Tirupati 591,Tirupati,Andhra Pradesh,Delivery
507979,PO Guntur 979,Guntur,Andhra Pradesh,Delivery
507705,PO Tirupati 705,Tirupati,Andhra Pradesh,Delivery
508494,PO Guntur 494,Guntur,Andhra Pradesh,Delivery
508657,PO Nellore 657,Nellore,Andhra Pradesh,Delivery
508847,PO Tirupati 847,Tirupati,Andhra Pradesh,Delivery
509012,PO Vijayawada 12,Vijayawada,Andhra Pradesh,Delivery
509481,PO Nellore 481,Nellore,Andhra Pradesh,Delivery
510770,PO Nellore 770,Nellore,Andhra Pradesh,Delivery
510339,PO Guntur 339,Guntur,Andhra Pradesh,Delivery
511564,PO Nellore 564,Nellore,Andhra Pradesh,Delivery
511241,PO Visakhapatnam 241,Visakhapatnam,Andhra Pradesh,Delivery
511821,PO Tirupati 821,Tirupati,Andhra Pradesh,Delivery
512458,PO Guntur 458,Guntur,Andhra Pradesh,Delivery
512510,PO Visakhapatnam 510,Visakhapatnam,Andhra Pradesh,Delivery
512423,PO Visakhapatnam 423,Visakhapatnam,Andhra Pradesh,Delivery
512001,PO Visakhapatnam 1,Visakhapatnam,Andhra Pradesh,Delivery
512987,PO Tirupati 987,Tirupati,Andhra Pradesh,Delivery
513671,PO Nellore 671,Nellore,Andhra Pradesh,Delivery
513373,PO Visakhapatnam 373,Visakhapatnam,Andhra Pradesh,Delivery
513865,PO Nellore 865,Nellore,Andhra Pradesh,Delivery
514734,PO Guntur 734,Guntur,Andhra Pradesh,Delivery
514117,PO Visakhapatnam 117,Visakhapatnam,Andhra Pradesh,Delivery
514228,PO Visakhapatnam 228,Visakhapatnam,Andhra Pradesh,Delivery
514850,PO Guntur 850,Guntur,Andhra Pradesh,Delivery
514383,PO Visakhapatnam 383,Visakhapatnam,Andhra Pradesh,Non-Delivery
515505,PO Vijayawada 505,Vijayawada,Andhra Pradesh,Delivery
515761,PO Nellore 761,Nellore,Andhra Pradesh,Delivery
515626,PO Vijayawada 626,Vijayawada,Andhra Pradesh,Delivery
516221,PO Nellore 221,Nellore,Andhra Pradesh,Delivery
516196,PO Guntur 196,Guntur,Andhra Pradesh,Delivery
516425,PO Visakhapatnam 425,Visakhapatnam,Andhra Pradesh,Delivery
516858,PO Tirupati 858,Tirupati,Andhra Pradesh,Delivery
516914,PO Nellore 914,Nellore,Andhra Pradesh,Delivery
517987,PO Nellore 987,Nellore,Andhra Pradesh,Non-Delivery
517754,PO Visakhapatnam 754,Visakhapatnam,Andhra Pradesh,Delivery
517444,PO Tirupati 444,Tirupati,Andhra Pradesh,Delivery
518709,PO Tirupati 709,Tirupati,Andhra Pradesh,Delivery
518835,PO Vijayawada 835,Vijayawada,Andhra Pradesh,Delivery
518674,PO Tirupati 674,Tirupati,Andhra Pradesh,Delivery
519517,PO Nellore 517,Nellore,Andhra Pradesh,Delivery
519624,PO Vijayawada 624,Vijayawada,Andhra Pradesh,Delivery
519987,PO Guntur 987,Guntur,Andhra Pradesh,Delivery
519464,PO Vijayawada 464,Vijayawada,Andhra Pradesh,Delivery
520864,PO Tirupati 864,Tirupati,Andhra Pradesh,Delivery
520729,PO Tirupati 729,Tirupati,Andhra Pradesh,Delivery
520206,PO Vijayawada 206,Vijayawada,Andhra Pradesh,Delivery
520298,PO Guntur 298,Guntur,Andhra Pradesh,Delivery
521728,PO Vijayawada 728,Vijayawada,Andhra Pradesh,Delivery
521711,PO Guntur 711,Guntur,Andhra Pradesh,Delivery
521780,PO Guntur 780,Guntur,Andhra Pradesh,Delivery
522691,PO Tirupati 691,Tirupati,Andhra Pradesh,Delivery
522868,PO Nellore 868,Nellore,Andhra Pradesh,Delivery
522536,PO Visakhapatnam 536,Visakhapatnam,Andhra Pradesh,Non-Delivery
522149,PO Visakhapatnam 149,Visakhapatnam,Andhra Pradesh,Delivery
522205,PO Guntur 205,Guntur,Andhra Pradesh,Delivery
523294,PO Guntur 294,Guntur,Andhra Pradesh,Delivery
523064,PO Guntur 64,Guntur,Andhra Pradesh,Delivery
523555,PO Visakhapatnam 555,Visakhapatnam,Andhra Pradesh,Delivery
524105,PO Tirupati 105,Tirupati,Andhra Pradesh,Delivery
524758,PO Tirupati 758,Tirupati,Andhra Pradesh,Delivery
524761,PO Tirupati 761,Tirupati,Andhra Pradesh,Delivery
524524,PO Guntur 524,Guntur,Andhra Pradesh,Delivery
524049,PO Nellore 49,Nellore,Andhra Pradesh,Delivery
525990,PO Tirupati 990,Tirupati,Andhra Pradesh,Delivery
525762,PO Guntur 762,Guntur,Andhra Pradesh,Delivery
525890,PO Nellore 890,Nellore,Andhra Pradesh,Delivery
525934,PO Guntur 934,Guntur,Andhra Pradesh,Delivery
526795,PO Vijayawada 795,Vijayawada,Andhra Pradesh,Delivery
526182,PO Visakhapatnam 182,Visakhapatnam,Andhra Pradesh,Delivery
526178,PO Tirupati 178,Tirupati,Andhra Pradesh,Delivery
527439,PO Guntur 439,Guntur,Andhra Pradesh,Delivery
527134,PO Vijayawada 134,Vijayawada,Andhra Pradesh,Delivery
528006,PO Guntur 6,Guntur,Andhra Pradesh,Delivery
528960,PO Vijayawada 960,Vijayawada,Andhra Pradesh,Non-Delivery
528951,PO Guntur 951,Guntur,Andhra Pradesh,Delivery
528793,PO Tirupati 793,Tirupati,Andhra Pradesh,Delivery
529503,PO Tirupati 503,Tirupati,Andhra Pradesh,Delivery
529075,PO Guntur 75,Guntur,Andhra Pradesh,Delivery
529980,PO Vijayawada 980,Vijayawada,Andhra Pradesh,Delivery
529806,PO Tirupati 806,Tirupati,Andhra Pradesh,Delivery
530095,PO Guntur 95,Guntur,Andhra Pradesh,Delivery
530219,PO Guntur 219,Guntur,Andhra Pradesh,Delivery
530301,PO Vijayawada 301,Vijayawada,Andhra Pradesh,Delivery
530634,PO Tirupati 634,Tirupati,Andhra Pradesh,Delivery
530575,PO Visakhapatnam 575,Visakhapatnam,Andhra Pradesh,Delivery
531457,PO Vijayawada 457,Vijayawada,Andhra Pradesh,Delivery
531629,PO Tirupati 629,Tirupati,Andhra Pradesh,Delivery
531041,PO Guntur 41,Guntur,Andhra Pradesh,Delivery
531816,PO Visakhapatnam 816,Visakhapatnam,Andhra Pradesh,Delivery
532026,PO Tirupati 26,Tirupati,Andhra Pradesh,Delivery
532384,PO Tirupati 384,Tirupati,Andhra Pradesh,Delivery
532457,PO Nellore 457,Nellore,Andhra Pradesh,Non-Delivery
532920,PO Vijayawada 920,Vijayawada,Andhra Pradesh,Delivery
533971,PO Visakhapatnam 971,Visakhapatnam,Andhra Pradesh,Delivery
533980,PO Tirupati 980,Tirupati,Andhra Pradesh,Delivery
534216,PO Vijayawada 216,Vijayawada,Andhra Pradesh,Delivery
534435,PO Visakhapatnam 435,Visakhapatnam,Andhra Pradesh,Delivery
535663,PO Visakhapatnam 663,Visakhapatnam,Andhra Pradesh,Delivery
535158,PO Visakhapatnam 158,Visakhapatnam,Andhra Pradesh,Delivery
535340,PO Visakhapatnam 340,Visakhapatnam,Andhra Pradesh,Delivery
535056,PO Vijayawada 56,Vijayawada,Andhra Pradesh,Delivery
535572,PO Visakhapatnam 572,Visakhapatnam,Andhra Pradesh,Delivery
500462,PO Karimnagar 462,Karimnagar,Telangana,Delivery
500018,PO Karimnagar 18,Karimnagar,Telangana,Delivery
501657,PO Hyderabad 657,Hyderabad,Telangana,Delivery
501600,PO Hyderabad 600,Hyderabad,Telangana,Delivery
502367,PO Hyderabad 367,Hyderabad,Telangana,Delivery
502703,PO Nizamabad 703,Nizamabad,Telangana,Delivery
503784,PO Karimnagar 784,Karimnagar,Telangana,Delivery
503842,PO Hyderabad 842,Hyderabad,Telangana,Delivery
503547,PO Warangal 547,Warangal,Telangana,Delivery
503401,PO Nizamabad 401,Nizamabad,Telangana,Delivery
504306,PO Nizamabad 306,Nizamabad,Telangana,Delivery
504012,PO Warangal 12,Warangal,Telangana,Delivery
504006,PO Karimnagar 6,Karimnagar,Telangana,Delivery
505313,PO Warangal 313,Warangal,Telangana,Delivery
505926,PO Nizamabad 926,Nizamabad,Telangana,Delivery
506165,PO Warangal 165,Warangal,Telangana,Delivery
506855,PO Nizamabad 855,Nizamabad,Telangana,Delivery
507661,PO Hyderabad 661,Hyderabad,Telangana,Delivery
507069,PO Nizamabad 69,Nizamabad,Telangana,Delivery
507744,PO Karimnagar 744,Karimnagar,Telangana,Delivery
507366,PO Warangal 366,Warangal,Telangana,Delivery
507241,PO Hyderabad 241,Hyderabad,Telangana,Delivery
508922,PO Warangal 922,Warangal,Telangana,Delivery
508462,PO Nizamabad 462,Nizamabad,Telangana,Delivery
509711,PO Warangal 711,Warangal,Telangana,Delivery
509374,PO Nizamabad 374,Nizamabad,Telangana,Delivery
509173,PO Hyderabad 173,Hyderabad,Telangana,Delivery
509805,PO Warangal 805,Warangal,Telangana,Delivery
600284,PO Madurai 284,Madurai,Tamil Nadu,Delivery
600751,PO Madurai 751,Madurai,Tamil Nadu,Delivery
600474,PO Salem 474,Salem,Tamil Nadu,Delivery
600313,PO Salem 313,Salem,Tamil Nadu,Delivery
600180,PO Tiruchirappalli 180,Tiruchirappalli,Tamil Nadu,Delivery
601880,PO Coimbatore 880,Coimbatore,Tamil Nadu,Delivery
601202,PO Madurai 202,Madurai,Tamil Nadu,Delivery
601642,PO Chennai 642,Chennai,Tamil Nadu,Delivery
601914,PO Chennai 914,Chennai,Tamil Nadu,Delivery
602833,PO Tiruchirappalli 833,Tiruchirappalli,Tamil Nadu,Delivery
602788,PO Tiruchirappalli 788,Tiruchirappalli,Tamil Nadu,Delivery
603565,PO Madurai 565,Madurai,Tamil Nadu,Delivery
603553,PO Salem 553,Salem,Tamil Nadu,Delivery
604375,PO Salem 375,Salem,Tamil Nadu,Delivery
604791,PO Tiruchirappalli 791,Tiruchirappalli,Tamil Nadu,Delivery
604298,PO Coimbatore 298,Coimbatore,Tamil Nadu,Delivery
605407,PO Madurai 407,Madurai,Tamil Nadu,Delivery
605679,PO Coimbatore 679,Coimbatore,Tamil Nadu,Delivery
606776,PO Tiruchirappalli 776,Tiruchirappalli,Tamil Nadu,Delivery
606164,PO Coimbatore 164,Coimbatore,Tamil Nadu,Delivery
606580,PO Coimbatore 580,Coimbatore,Tamil Nadu,Delivery
607962,PO Madurai 962,Madurai,Tamil Nadu,Non-Delivery
607780,PO Salem 780,Salem,Tamil Nadu,Delivery
607271,PO Madurai 271,Madurai,Tamil Nadu,Delivery
607685,PO Coimbatore 685,Coimbatore,Tamil Nadu,Delivery
607811,PO Madurai 811,Madurai,Tamil Nadu,Delivery
608903,PO Chennai 903,Chennai,Tamil Nadu,Non-Delivery
608665,PO Madurai 665,Madurai,Tamil Nadu,Delivery
608992,PO Tiruchirappalli 992,Tiruchirappalli,Tamil Nadu,Delivery
608281,PO Madurai 281,Madurai,Tamil Nadu,Delivery
608584,PO Coimbatore 584,Coimbatore,Tamil Nadu,Delivery
609375,PO Tiruchirappalli 375,Tiruchirappalli,Tamil Nadu,Delivery
609856,PO Chennai 856,Chennai,Tamil Nadu,Delivery
609386,PO Coimbatore 386,Coimbatore,Tamil Nadu,Delivery
609362,PO Madurai 362,Madurai,Tamil Nadu,Delivery
609494,PO Tiruchirappalli 494,Tiruchirappalli,Tamil Nadu,Non-Delivery
610451,PO Coimbatore 451,Coimbatore,Tamil Nadu,Delivery
610527,PO Madurai 527,Madurai,Tamil Nadu,Delivery
610192,PO Coimbatore 192,Coimbatore,Tamil Nadu,Delivery
611677,PO Coimbatore 677,Coimbatore,Tamil Nadu,Delivery
611339,PO Chennai 339,Chennai,Tamil Nadu,Delivery
612491,PO Coimbatore 491,Coimbatore,Tamil Nadu,Delivery
612663,PO Salem 663,Salem,Tamil Nadu,Non-Delivery
612045,PO Coimbatore 45,Coimbatore,Tamil Nadu,Delivery
612165,PO Coimbatore 165,Coimbatore,Tamil Nadu,Delivery
612041,PO Tiruchirappalli 41,Tiruchirappalli,Tamil Nadu,Delivery
613265,PO Coimbatore 265,Coimbatore,Tamil Nadu,Delivery
613416,PO Tiruchirappalli 416,Tiruchirappalli,Tamil Nadu,Delivery
613653,PO Chennai 653,Chennai,Tamil Nadu,Delivery
614970,PO Chennai 970,Chennai,Tamil Nadu,Delivery
614622,PO Salem 622,Salem,Tamil Nadu,Delivery
614175,PO Coimbatore 175,Coimbatore,Tamil Nadu,Delivery
614616,PO Coimbatore 616,Coimbatore,Tamil Nadu,Delivery
615639,PO Tiruchirappalli 639,Tiruchirappalli,Tamil Nadu,Delivery
615742,PO Madurai 742,Madurai,Tamil Nadu,Delivery
615611,PO Tiruchirappalli 611,Tiruchirappalli,Tamil Nadu,Delivery
616395,PO Coimbatore 395,Coimbatore,Tamil Nadu,Delivery
616208,PO Tiruchirappalli 208,Tiruchirappalli,Tamil Nadu,Delivery
616517,PO Salem 517,Salem,Tamil Nadu,Delivery
616621,PO Chennai 621,Chennai,Tamil Nadu,Delivery
616924,PO Tiruchirappalli 924,Tiruchirappalli,Tamil Nadu,Delivery
617096,PO Salem 96,Salem,Tamil Nadu,Delivery
617924,PO Tiruchirappalli 924,Tiruchirappalli,Tamil Nadu,Delivery
618919,PO Salem 919,Salem,Tamil Nadu,Delivery
618380,PO Chennai 380,Chennai,Tamil Nadu,Delivery
619235,PO Salem 235,Salem,Tamil Nadu,Delivery
619391,PO Madurai 391,Madurai,Tamil Nadu,Delivery
619760,PO Tiruchirappalli 760,Tiruchirappalli,Tamil Nadu,Delivery
619138,PO Madurai 138,Madurai,Tamil Nadu,Delivery
619239,PO Chennai 239,Chennai,Tamil Nadu,Delivery
620264,PO Coimbatore 264,Coimbatore,Tamil Nadu,Non-Delivery
620762,PO Chennai 762,Chennai,Tamil Nadu,Delivery
620121,PO Tiruchirappalli 121,Tiruchirappalli,Tamil Nadu,Non-Delivery
620671,PO Coimbatore 671,Coimbatore,Tamil Nadu,Delivery
620324,PO Salem 324,Salem,Tamil Nadu,Delivery
621437,PO Tiruchirappalli 437,Tiruchirappalli,Tamil Nadu,Delivery
621876,PO Tiruchirappalli 876,Tiruchirappalli,Tamil Nadu,Delivery
621375,PO Tiruchirappalli 375,Tiruchirappalli,Tamil Nadu,Delivery
622774,PO Coimbatore 774,Coimbatore,Tamil Nadu,Delivery
622803,PO Tiruchirappalli 803,Tiruchirappalli,Tamil Nadu,Delivery
622380,PO Tiruchirappalli 380,Tiruchirappalli,Tamil Nadu,Delivery
622260,PO Madurai 260,Madurai,Tamil Nadu,Delivery
622793,PO Salem 793,Salem,Tamil Nadu,Delivery
623766,PO Coimbatore 766,Coimbatore,Tamil Nadu,Delivery
623717,PO Coimbatore 717,Coimbatore,Tamil Nadu,Delivery
624805,PO Madurai 805,Madurai,Tamil Nadu,Delivery
624629,PO Chennai 629,Chennai,Tamil Nadu,Delivery
624988,PO Chennai 988,Chennai,Tamil Nadu,Delivery
624844,PO Coimbatore 844,Coimbatore,Tamil Nadu,Delivery
624615,PO Salem 615,Salem,Tamil Nadu,Delivery
625228,PO Madurai 228,Madurai,Tamil Nadu,Delivery
625039,PO Salem 39,Salem,Tamil Nadu,Delivery
625411,PO Tiruchirappalli 411,Tiruchirappalli,Tamil Nadu,Delivery
625294,PO Tiruchirappalli 294,Tiruchirappalli,Tamil Nadu,Delivery
626656,PO Salem 656,Salem,Tamil Nadu,Delivery
626207,PO Tiruchirappalli 207,Tiruchirappalli,Tamil Nadu,Delivery
626035,PO Tiruchirappalli 35,Tiruchirappalli,Tamil Nadu,Delivery
627630,PO Coimbatore 630,Coimbatore,Tamil Nadu,Delivery
627369,PO Coimbatore 369,Coimbatore,Tamil Nadu,Delivery
627162,PO Chennai 162,Chennai,Tamil Nadu,Delivery
628362,PO Salem 362,Salem,Tamil Nadu,Delivery
628206,PO Tiruchirappalli 206,Tiruchirappalli,Tamil Nadu,Non-Delivery
628721,PO Chennai 721,Chennai,Tamil Nadu,Delivery
628563,PO Madurai 563,Madurai,Tamil Nadu,Delivery
628573,PO Tiruchirappalli 573,Tiruchirappalli,Tamil Nadu,Delivery
629232,PO Tiruchirappalli 232,Tiruchirappalli,Tamil Nadu,Delivery
629466,PO Salem 466,Salem,Tamil Nadu,Delivery
629268,PO Coimbatore 268,Coimbatore,Tamil Nadu,Delivery
629110,PO Tiruchirappalli 110,Tiruchirappalli,Tamil Nadu,Delivery
630349,PO Chennai 349,Chennai,Tamil Nadu,Delivery
630980,PO Madurai 980,Madurai,Tamil Nadu,Delivery
630833,PO Tiruchirappalli 833,Tiruchirappalli,Tamil Nadu,Delivery
630454,PO Salem 454,Salem,Tamil Nadu,Delivery
631776,PO Madurai 776,Madurai,Tamil Nadu,Delivery
631470,PO Salem 470,Salem,Tamil Nadu,Delivery
631883,PO Chennai 883,Chennai,Tamil Nadu,Delivery
632070,PO Salem 70,Salem,Tamil Nadu,Delivery
632226,PO Coimbatore 226,Coimbatore,Tamil Nadu,Delivery
632423,PO Madurai 423,Madurai,Tamil Nadu,Delivery
632010,PO Madurai 10,Madurai,Tamil Nadu,Delivery
633409,PO Madurai 409,Madurai,Tamil Nadu,Delivery
633954,PO Coimbatore 954,Coimbatore,Tamil Nadu,Delivery
634224,PO Tiruchirappalli 224,Tiruchirappalli,Tamil Nadu,Delivery
634970,PO Coimbatore 970,Coimbatore,Tamil Nadu,Delivery
634205,PO Coimbatore 205,Coimbatore,Tamil Nadu,Delivery
634894,PO Madurai 894,Madurai,Tamil Nadu,Delivery
635855,PO Coimbatore 855,Coimbatore,Tamil Nadu,Delivery
635365,PO Coimbatore 365,Coimbatore,Tamil Nadu,Delivery
635123,PO Chennai 123,Chennai,Tamil Nadu,Delivery
636629,PO Chennai 629,Chennai,Tamil Nadu,Delivery
636555,PO Chennai 555,Chennai,Tamil Nadu,Delivery
636381,PO Tiruchirappalli 381,Tiruchirappalli,Tamil Nadu,Delivery
636920,PO Tiruchirappalli 920,Tiruchirappalli,Tamil Nadu,Delivery
636503,PO Coimbatore 503,Coimbatore,Tamil Nadu,Delivery
637408,PO Coimbatore 408,Coimbatore,Tamil Nadu,Delivery
637132,PO Chennai 132,Chennai,Tamil Nadu,Delivery
637434,PO Salem 434,Salem,Tamil Nadu,Delivery
637034,PO Tiruchirappalli 34,Tiruchirappalli,Tamil Nadu,Delivery
638469,PO Chennai 469,Chennai,Tamil Nadu,Delivery
638472,PO Madurai 472,Madurai,Tamil Nadu,Delivery
638013,PO Coimbatore 13,Coimbatore,Tamil Nadu,Delivery
639334,PO Madurai 334,Madurai,Tamil Nadu,Delivery
639266,PO Coimbatore 266,Coimbatore,Tamil Nadu,Delivery
640276,PO Salem 276,Salem,Tamil Nadu,Delivery
640352,PO Madurai 352,Madurai,Tamil Nadu,Delivery
640435,PO Coimbatore 435,Coimbatore,Tamil Nadu,Delivery
641374,PO Salem 374,Salem,Tamil Nadu,Delivery
641185,PO Tiruchirappalli 185,Tiruchirappalli,Tamil Nadu,Delivery
641590,PO Coimbatore 590,Coimbatore,Tamil Nadu,Delivery
641739,PO Madurai 739,Madurai,Tamil Nadu,Delivery
642877,PO Salem 877,Salem,Tamil Nadu,Delivery
642820,PO Coimbatore 820,Coimbatore,Tamil Nadu,Delivery
642010,PO Coimbatore 10,Coimbatore,Tamil Nadu,Delivery
642138,PO Tiruchirappalli 138,Tiruchirappalli,Tamil Nadu,Delivery
642324,PO Salem 324,Salem,Tamil Nadu,Delivery
643408,PO Chennai 408,Chennai,Tamil Nadu,Delivery
643062,PO Coimbatore 62,Coimbatore,Tamil Nadu,Delivery
670860,PO Thiruvananthapuram 860,Thiruvananthapuram,Kerala,Delivery
670343,PO Kozhikode 343,Kozhikode,Kerala,Delivery
670574,PO Kollam 574,Kollam,Kerala,Delivery
670264,PO Kozhikode 264,Kozhikode,Kerala,Non-Delivery
670125,PO Kozhikode 125,Kozhikode,Kerala,Delivery
671591,PO Kollam 591,Kollam,Kerala,Delivery
671552,PO Kochi 552,Kochi,Kerala,Delivery
671292,PO Kozhikode 292,Kozhikode,Kerala,Delivery
672794,PO Thrissur 794,Thrissur,Kerala,Delivery
672391,PO Kollam 391,Kollam,Kerala,Delivery
672647,PO Kochi 647,Kochi,Kerala,Delivery
672656,PO Kozhikode 656,Kozhikode,Kerala,Delivery
672628,PO Kollam 628,Kollam,Kerala,Delivery
673082,PO Kochi 82,Kochi,Kerala,Delivery
673322,PO Kozhikode 322,Kozhikode,Kerala,Delivery
674620,PO Thrissur 620,Thrissur,Kerala,Delivery
674456,PO Kozhikode 456,Kozhikode,Kerala,Delivery
674534,PO Thrissur 534,Thrissur,Kerala,Delivery
674189,PO Thiruvananthapuram 189,Thiruvananthapuram,Kerala,Delivery
675678,PO Kozhikode 678,Kozhikode,Kerala,Delivery
675718,PO Thiruvananthapuram 718,Thiruvananthapuram,Kerala,Delivery
675407,PO Thiruvananthapuram 407,Thiruvananthapuram,Kerala,Delivery
676562,PO Thiruvananthapuram 562,Thiruvananthapuram,Kerala,Non-Delivery
676407,PO Kollam 407,Kollam,Kerala,Delivery
676086,PO Thiruvananthapuram 86,Thiruvananthapuram,Kerala,Delivery
676160,PO Thiruvananthapuram 160,Thiruvananthapuram,Kerala,Delivery
676907,PO Thrissur 907,Thrissur,Kerala,Delivery
677756,PO Kozhikode 756,Kozhikode,Kerala,Delivery
677130,PO Kochi 130,Kochi,Kerala,Delivery
677175,PO Thiruvananthapuram 175,Thiruvananthapuram,Kerala,Non-Delivery
678882,PO Kozhikode 882,Kozhikode,Kerala,Delivery
678479,PO Kollam 479,Kollam,Kerala,Delivery
678562,PO Thrissur 562,Thrissur,Kerala,Delivery
678972,PO Kollam 972,Kollam,Kerala,Delivery
679647,PO Kollam 647,Kollam,Kerala,Delivery
679656,PO Kollam 656,Kollam,Kerala,Delivery
679356,PO Thrissur 356,Thrissur,Kerala,Delivery
679825,PO Thiruvananthapuram 825,Thiruvananthapuram,Kerala,Delivery
679375,PO Thrissur 375,Thrissur,Kerala,Delivery
680011,PO Thiruvananthapuram 11,Thiruvananthapuram,Kerala,Delivery
680777,PO Kochi 777,Kochi,Kerala,Delivery
680481,PO Kollam 481,Kollam,Kerala,Non-Delivery
680945,PO Thrissur 945,Thrissur,Kerala,Delivery
681307,PO Thiruvananthapuram 307,Thiruvananthapuram,Kerala,Delivery
681818,PO Kozhikode 818,Kozhikode,Kerala,Delivery
681816,PO Thiruvananthapuram 816,Thiruvananthapuram,Kerala,Delivery
681194,PO Thrissur 194,Thrissur,Kerala,Delivery
681448,PO Thrissur 448,Thrissur,Kerala,Delivery
682849,PO Thrissur 849,Thrissur,Kerala,Delivery
682082,PO Thrissur 82,Thrissur,Kerala,Delivery
682530,PO Kollam 530,Kollam,Kerala,Delivery
682702,PO Kozhikode 702,Kozhikode,Kerala,Delivery
682761,PO Kollam 761,Kollam,Kerala,Delivery
683193,PO Thiruvananthapuram 193,Thiruvananthapuram,Kerala,Delivery
683297,PO Thiruvananthapuram 297,Thiruvananthapuram,Kerala,Delivery
683633,PO Thrissur 633,Thrissur,Kerala,Delivery
683638,PO Thrissur 638,Thrissur,Kerala,Delivery
683020,PO Kochi 20,Kochi,Kerala,Non-Delivery
684191,PO Thiruvananthapuram 191,Thiruvananthapuram,Kerala,Delivery
684129,PO Thrissur 129,Thrissur,Kerala,Delivery
685093,PO Kochi 93,Kochi,Kerala,Non-Delivery
685223,PO Kozhikode 223,Kozhikode,Kerala,Delivery
685805,PO Thrissur 805,Thrissur,Kerala,Delivery
686714,PO Thiruvananthapuram 714,Thiruvananthapuram,Kerala,Delivery
686864,PO Kochi 864,Kochi,Kerala,Delivery
686795,PO Thrissur 795,Thrissur,Kerala,Delivery
686482,PO Kochi 482,Kochi,Kerala,Delivery
686862,PO Kozhikode 862,Kozhikode,Kerala,Delivery
687125,PO Kochi 125,Kochi,Kerala,Delivery
687999,PO Thrissur 999,Thrissur,Kerala,Delivery
688204,PO Thrissur 204,Thrissur,Kerala,Delivery
688097,PO Kollam 97,Kollam,Kerala,Delivery
689485,PO Thrissur 485,Thrissur,Kerala,Delivery
689320,PO Kozhikode 320,Kozhikode,Kerala,Delivery
689746,PO Thiruvananthapuram 746,Thiruvananthapuram,Kerala,Delivery
690260,PO Thrissur 260,Thrissur,Kerala,Delivery
690204,PO Kozhikode 204,Kozhikode,Kerala,Delivery
691997,PO Thiruvananthapuram 997,Thiruvananthapuram,Kerala,Delivery
691445,PO Kozhikode 445,Kozhikode,Kerala,Non-Delivery
691814,PO Kozhikode 814,Kozhikode,Kerala,Delivery
692809,PO Kochi 809,Kochi,Kerala,Non-Delivery
692044,PO Kollam 44,Kollam,Kerala,Delivery
692487,PO Kollam 487,Kollam,Kerala,Delivery
692790,PO Thiruvananthapuram 790,Thiruvananthapuram,Kerala,Delivery
692512,PO Thiruvananthapuram 512,Thiruvananthapuram,Kerala,Delivery
693954,PO Thiruvananthapuram 954,Thiruvananthapuram,Kerala,Delivery
693661,PO Kochi 661,Kochi,Kerala,Delivery
693811,PO Thiruvananthapuram 811,Thiruvananthapuram,Kerala,Delivery
693239,PO Kozhikode 239,Kozhikode,Kerala,Delivery
694825,PO Thrissur 825,Thrissur,Kerala,Delivery
694022,PO Thrissur 22,Thrissur,Kerala,Delivery
694138,PO Kozhikode 138,Kozhikode,Kerala,Delivery
694497,PO Thrissur 497,Thrissur,Kerala,Delivery
695195,PO Kollam 195,Kollam,Kerala,Delivery
695357,PO Kozhikode 357,Kozhikode,Kerala,Delivery
695282,PO Kollam 282,Kollam,Kerala,Delivery
695568,PO Kochi 568,Kochi,Kerala,Delivery
695159,PO Thrissur 159,Thrissur,Kerala,Delivery
700555,PO North 24 Parganas 555,North 24 Parganas,West Bengal,Delivery
700795,PO South 24 Parganas 795,South 24 Parganas,West Bengal,Delivery
700905,PO Kolkata 905,Kolkata,West Bengal,Delivery
700373,PO Howrah 373,Howrah,West Bengal,Delivery
701675,PO South 24 Parganas 675,South 24 Parganas,West Bengal,Delivery
701700,PO South 24 Parganas 700,South 24 Parganas,West Bengal,Delivery
702628,PO North 24 Parganas 628,North 24 Parganas,West Bengal,Delivery
702657,PO North 24 Parganas 657,North 24 Parganas,West Bengal,Delivery
702536,PO Kolkata 536,Kolkata,West Bengal,Non-Delivery
703183,PO Kolkata 183,Kolkata,West Bengal,Delivery
703498,PO Howrah 498,Howrah,West Bengal,Delivery
703585,PO South 24 Parganas 585,South 24 Parganas,West Bengal,Delivery
704051,PO North 24 Parganas 51,North 24 Parganas,West Bengal,Delivery
704736,PO Kolkata 736,Kolkata,West Bengal,Non-Delivery
704944,PO Howrah 944,Howrah,West Bengal,Delivery
704951,PO Kolkata 951,Kolkata,West Bengal,Delivery
705370,PO South 24 Parganas 370,South 24 Parganas,West Bengal,Delivery
705814,PO Kolkata 814,Kolkata,West Bengal,Delivery
706542,PO Kolkata 542,Kolkata,West Bengal,Delivery
706855,PO North 24 Parganas 855,North 24 Parganas,West Bengal,Delivery
706222,PO Kolkata 222,Kolkata,West Bengal,Delivery
706237,PO South 24 Parganas 237,South 24 Parganas,West Bengal,Delivery
707584,PO Howrah 584,Howrah,West Bengal,Delivery
707572,PO South 24 Parganas 572,South 24 Parganas,West Bengal,Delivery
707785,PO North 24 Parganas 785,North 24 Parganas,West Bengal,Delivery
708905,PO Kolkata 905,Kolkata,West Bengal,Delivery
708185,PO South 24 Parganas 185,South 24 Parganas,West Bengal,Delivery
708674,PO Howrah 674,Howrah,West Bengal,Delivery
708615,PO South 24 Parganas 615,South 24 Parganas,West Bengal,Delivery
708925,PO North 24 Parganas 925,North 24 Parganas,West Bengal,Delivery
709866,PO North 24 Parganas 866,North 24 Parganas,West Bengal,Delivery
709649,PO South 24 Parganas 649,South 24 Parganas,West Bengal,Delivery
709332,PO Howrah 332,Howrah,West Bengal,Delivery
709220,PO South 24 Parganas 220,South 24 Parganas,West Bengal,Delivery
710369,PO South 24 Parganas 369,South 24 Parganas,West Bengal,Delivery
710407,PO Kolkata 407,Kolkata,West Bengal,Delivery
710292,PO Kolkata 292,Kolkata,West Bengal,Delivery
710912,PO North 24 Parganas 912,North 24 Parganas,West Bengal,Non-Delivery
711220,PO North 24 Parganas 220,North 24 Parganas,West Bengal,Non-Delivery
711842,PO North 24 Parganas 842,North 24 Parganas,West Bengal,Delivery
711524,PO Howrah 524,Howrah,West Bengal,Delivery
712365,PO Howrah 365,Howrah,West Bengal,Delivery
712376,PO Howrah 376,Howrah,West Bengal,Delivery
712831,PO North 24 Parganas 831,North 24 Parganas,West Bengal,Delivery
712410,PO Howrah 410,Howrah,West Bengal,Delivery
712741,PO North 24 Parganas 741,North 24 Parganas,West Bengal,Delivery
713500,PO Kolkata 500,Kolkata,West Bengal,Delivery
713308,PO Kolkata 308,Kolkata,West Bengal,Delivery
713591,PO South 24 Parganas 591,South 24 Parganas,West Bengal,Delivery
714944,PO North 24 Parganas 944,North 24 Parganas,West Bengal,Delivery
714837,PO South 24 Parganas 837,South 24 Parganas,West Bengal,Delivery
715891,PO Howrah 891,Howrah,West Bengal,Delivery
715870,PO Kolkata 870,Kolkata,West Bengal,Delivery
716056,PO North 24 Parganas 56,North 24 Parganas,West Bengal,Delivery
716327,PO Howrah 327,Howrah,West Bengal,Delivery
716715,PO Howrah 715,Howrah,West Bengal,Delivery
716690,PO South 24 Parganas 690,South 24 Parganas,West Bengal,Delivery
716771,PO Kolkata 771,Kolkata,West Bengal,Delivery
717806,PO South 24 Parganas 806,South 24 Parganas,West Bengal,Delivery
717345,PO Kolkata 345,Kolkata,West Bengal,Delivery
717764,PO Kolkata 764,Kolkata,West Bengal,Delivery
717269,PO Kolkata 269,Kolkata,West Bengal,Delivery
718793,PO Howrah 793,Howrah,West Bengal,Delivery
718493,PO Howrah 493,Howrah,West Bengal,Delivery
718668,PO Howrah 668,Howrah,West Bengal,Delivery
718754,PO Howrah 754,Howrah,West Bengal,Delivery
718273,PO South 24 Parganas 273,South 24 Parganas,West Bengal,Delivery
719116,PO South 24 Parganas 116,South 24 Parganas,West Bengal,Delivery
719357,PO Howrah 357,Howrah,West Bengal,Delivery
720789,PO North 24 Parganas 789,North 24 Parganas,West Bengal,Delivery
720359,PO South 24 Parganas 359,South 24 Parganas,West Bengal,Delivery
721046,PO Howrah 46,Howrah,West Bengal,Delivery
721383,PO Howrah 383,Howrah,West Bengal,Delivery
721874,PO Kolkata 874,Kolkata,West Bengal,Delivery
721056,PO Howrah 56,Howrah,West Bengal,Delivery
721949,PO Howrah 949,Howrah,West Bengal,Delivery
722015,PO North 24 Parganas 15,North 24 Parganas,West Bengal,Delivery
722114,PO North 24 Parganas 114,North 24 Parganas,West Bengal,Delivery
722024,PO North 24 Parganas 24,North 24 Parganas,West Bengal,Delivery
722551,PO Howrah 551,Howrah,West Bengal,Delivery
723562,PO South 24 Parganas 562,South 24 Parganas,West Bengal,Delivery
723145,PO Kolkata 145,Kolkata,West Bengal,Delivery
723928,PO Kolkata 928,Kolkata,West Bengal,Delivery
723062,PO North 24 Parganas 62,North 24 Parganas,West Bengal,Delivery
724055,PO South 24 Parganas 55,South 24 Parganas,West Bengal,Delivery
724009,PO Kolkata 9,Kolkata,West Bengal,Delivery
724278,PO North 24 Parganas 278,North 24 Parganas,West Bengal,Delivery
724020,PO North 24 Parganas 20,North 24 Parganas,West Bengal,Delivery
725237,PO South 24 Parganas 237,South 24 Parganas,West Bengal,Delivery
725727,PO Kolkata 727,Kolkata,West Bengal,Delivery
725497,PO Kolkata 497,Kolkata,West Bengal,Delivery
725513,PO South 24 Parganas 513,South 24 Parganas,West Bengal,Delivery
725730,PO Kolkata 730,Kolkata,West Bengal,Non-Delivery
726342,PO South 24 Parganas 342,South 24 Parganas,West Bengal,Delivery
726161,PO Kolkata 161,Kolkata,West Bengal,Delivery
726361,PO North 24 Parganas 361,North 24 Parganas,West Bengal,Delivery
726242,PO North 24 Parganas 242,North 24 Parganas,West Bengal,Delivery
727900,PO South 24 Parganas 900,South 24 Parganas,West Bengal,Delivery
727835,PO Kolkata 835,Kolkata,West Bengal,Delivery
727972,PO North 24 Parganas 972,North 24 Parganas,West Bengal,Delivery
727350,PO South 24 Parganas 350,South 24 Parganas,West Bengal,Delivery
728748,PO South 24 Parganas 748,South 24 Parganas,West Bengal,Delivery
728695,PO Howrah 695,Howrah,West Bengal,Delivery
729437,PO North 24 Parganas 437,North 24 Parganas,West Bengal,Delivery
729338,PO South 24 Parganas 338,South 24 Parganas,West Bengal,Delivery
729212,PO Howrah 212,Howrah,West Bengal,Delivery
730884,PO Howrah 884,Howrah,West Bengal,Delivery
730723,PO Howrah 723,Howrah,West Bengal,Delivery
730931,PO Howrah 931,Howrah,West Bengal,Delivery
731326,PO Kolkata 326,Kolkata,West Bengal,Delivery
731972,PO Kolkata 972,Kolkata,West Bengal,Delivery
731860,PO Howrah 860,Howrah,West Bengal,Delivery
732902,PO South 24 Parganas 902,South 24 Parganas,West Bengal,Delivery
732311,PO South 24 Parganas 311,South 24 Parganas,West Bengal,Delivery
732842,PO North 24 Parganas 842,North 24 Parganas,West Bengal,Delivery
732193,PO Kolkata 193,Kolkata,West Bengal,Delivery
733781,PO North 24 Parganas 781,North 24 Parganas,West Bengal,Delivery
733628,PO Howrah 628,Howrah,West Bengal,Delivery
734704,PO Kolkata 704,Kolkata,West Bengal,Delivery
734705,PO South 24 Parganas 705,South 24 Parganas,West Bengal,Delivery
734867,PO South 24 Parganas 867,South 24 Parganas,West Bengal,Delivery
735189,PO South 24 Parganas 189,South 24 Parganas,West Bengal,Delivery
735141,PO Howrah 141,Howrah,West Bengal,Delivery
735034,PO South 24 Parganas 34,South 24 Parganas,West Bengal,Delivery
735016,PO North 24 Parganas 16,North 24 Parganas,West Bengal,Delivery
736761,PO Howrah 761,Howrah,West Bengal,Delivery
736068,PO Howrah 68,Howrah,West Bengal,Delivery
736450,PO South 24 Parganas 450,South 24 Parganas,West Bengal,Delivery
737909,PO Howrah 909,Howrah,West Bengal,Delivery
737795,PO Kolkata 795,Kolkata,West Bengal,Delivery
737845,PO South 24 Parganas 845,South 24 Parganas,West Bengal,Delivery
737404,PO Kolkata 404,Kolkata,West Bengal,Delivery
737463,PO South 24 Parganas 463,South 24 Parganas,West Bengal,Delivery
738899,PO Howrah 899,Howrah,West Bengal,Delivery
738406,PO Kolkata 406,Kolkata,West Bengal,Delivery
739195,PO North 24 Parganas 195,North 24 Parganas,West Bengal,Delivery
739906,PO North 24 Parganas 906,North 24 Parganas,West Bengal,Delivery
740473,PO Howrah 473,Howrah,West Bengal,Delivery
740628,PO Kolkata 628,Kolkata,West Bengal,Delivery
740926,PO Howrah 926,Howrah,West Bengal,Delivery
740662,PO South 24 Parganas 662,South 24 Parganas,West Bengal,Delivery
741185,PO Howrah 185,Howrah,West Bengal,Delivery
741332,PO South 24 Parganas 332,South 24 Parganas,West Bengal,Non-Delivery
742605,PO Howrah 605,Howrah,West Bengal,Delivery
742093,PO North 24 Parganas 93,North 24 Parganas,West Bengal,Delivery
742665,PO Howrah 665,Howrah,West Bengal,Delivery
742127,PO Kolkata 127,Kolkata,West Bengal,Delivery
742461,PO North 24 Parganas 461,North 24 Parganas,West Bengal,Delivery
743745,PO Howrah 745,Howrah,West Bengal,Delivery
743390,PO Kolkata 390,Kolkata,West Bengal,Delivery
743935,PO North 24 Parganas 935,North 24 Parganas,West Bengal,Delivery
743676,PO Howrah 676,Howrah,West Bengal,Delivery
743149,PO Howrah 149,Howrah,West Bengal,Delivery
750430,PO Rourkela 430,Rourkela,Odisha,Delivery
750788,PO Berhampur 788,Berhampur,Odisha,Delivery
751121,PO Cuttack 121,Cuttack,Odisha,Delivery
751004,PO Rourkela 4,Rourkela,Odisha,Non-Delivery
751510,PO Berhampur 510,Berhampur,Odisha,Delivery
752623,PO Berhampur 623,Berhampur,Odisha,Delivery
752603,PO Berhampur 603,Berhampur,Odisha,Delivery
753082,PO Bhubaneswar 82,Bhubaneswar,Odisha,Delivery
753561,PO Rourkela 561,Rourkela,Odisha,Delivery
753571,PO Cuttack 571,Cuttack,Odisha,Non-Delivery
753152,PO Bhubaneswar 152,Bhubaneswar,Odisha,Delivery
753038,PO Cuttack 38,Cuttack,Odisha,Delivery
754340,PO Bhubaneswar 340,Bhubaneswar,Odisha,Non-Delivery
754427,PO Cuttack 427,Cuttack,Odisha,Delivery
754292,PO Cuttack 292,Cuttack,Odisha,Delivery
754768,PO Rourkela 768,Rourkela,Odisha,Delivery
755787,PO Rourkela 787,Rourkela,Odisha,Delivery
755920,PO Berhampur 920,Berhampur,Odisha,Delivery
756864,PO Bhubaneswar 864,Bhubaneswar,Odisha,Delivery
756138,PO Bhubaneswar 138,Bhubaneswar,Odisha,Delivery
756282,PO Rourkela 282,Rourkela,Odisha,Delivery
756538,PO Cuttack 538,Cuttack,Odisha,Delivery
756627,PO Bhubaneswar 627,Bhubaneswar,Odisha,Delivery
757496,PO Rourkela 496,Rourkela,Odisha,Delivery
757869,PO Rourkela 869,Rourkela,Odisha,Delivery
758950,PO Cuttack 950,Cuttack,Odisha,Delivery
758509,PO Berhampur 509,Berhampur,Odisha,Delivery
758185,PO Cuttack 185,Cuttack,Odisha,Delivery
758199,PO Bhubaneswar 199,Bhubaneswar,Odisha,Delivery
759641,PO Bhubaneswar 641,Bhubaneswar,Odisha,Delivery
759213,PO Berhampur 213,Berhampur,Odisha,Delivery
759342,PO Rourkela 342,Rourkela,Odisha,Delivery
759653,PO Cuttack 653,Cuttack,Odisha,Non-Delivery
759207,PO Rourkela 207,Rourkela,Odisha,Delivery
760316,PO Rourkela 316,Rourkela,Odisha,Delivery
760332,PO Bhubaneswar 332,Bhubaneswar,Odisha,Delivery
761350,PO Berhampur 350,Berhampur,Odisha,Delivery
761631,PO Bhubaneswar 631,Bhubaneswar,Odisha,Delivery
761199,PO Rourkela 199,Rourkela,Odisha,Delivery
761945,PO Berhampur 945,Berhampur,Odisha,Delivery
762662,PO Cuttack 662,Cuttack,Odisha,Delivery
762643,PO Berhampur 643,Berhampur,Odisha,Delivery
763474,PO Berhampur 474,Berhampur,Odisha,Delivery
763058,PO Rourkela 58,Rourkela,Odisha,Delivery
763695,PO Rourkela 695,Rourkela,Odisha,Delivery
763020,PO Cuttack 20,Cuttack,Odisha,Delivery
764819,PO Rourkela 819,Rourkela,Odisha,Delivery
764153,PO Rourkela 153,Rourkela,Odisha,Delivery
764348,PO Berhampur 348,Berhampur,Odisha,Delivery
764863,PO Cuttack 863,Cuttack,Odisha,Delivery
765192,PO Bhubaneswar 192,Bhubaneswar,Odisha,Delivery
765770,PO Rourkela 770,Rourkela,Odisha,Delivery
765323,PO Bhubaneswar 323,Bhubaneswar,Odisha,Delivery
765089,PO Berhampur 89,Berhampur,Odisha,Delivery
765381,PO Berhampur 381,Berhampur,Odisha,Delivery
766222,PO Rourkela 222,Rourkela,Odisha,Delivery
766384,PO Bhubaneswar 384,Bhubaneswar,Odisha,Delivery
766936,PO Bhubaneswar 936,Bhubaneswar,Odisha,Delivery
766026,PO Berhampur 26,Berhampur,Odisha,Delivery
767195,PO Rourkela 195,Rourkela,Odisha,Delivery
767751,PO Rourkela 751,Rourkela,Odisha,Delivery
767147,PO Bhubaneswar 147,Bhubaneswar,Odisha,Delivery
768211,PO Bhubaneswar 211,Bhubaneswar,Odisha,Delivery
768731,PO Bhubaneswar 731,Bhubaneswar,Odisha,Non-Delivery
768955,PO Bhubaneswar 955,Bhubaneswar,Odisha,Delivery
769342,PO Berhampur 342,Berhampur,Odisha,Delivery
769106,PO Rourkela 106,Rourkela,Odisha,Non-Delivery
770655,PO Cuttack 655,Cuttack,Odisha,Delivery
770198,PO Rourkela 198,Rourkela,Odisha,Delivery
770327,PO Berhampur 327,Berhampur,Odisha,Delivery
770280,PO Cuttack 280,Cuttack,Odisha,Delivery
800016,PO Darbhanga 16,Darbhanga,Bihar,Delivery
800105,PO Gaya 105,Gaya,Bihar,Delivery
801278,PO Gaya 278,Gaya,Bihar,Delivery
801824,PO Muzaffarpur 824,Muzaffarpur,Bihar,Delivery
801176,PO Patna 176,Patna,Bihar,Delivery
801914,PO Muzaffarpur 914,Muzaffarpur,Bihar,Delivery
802134,PO Patna 134,Patna,Bihar,Delivery
802692,PO Patna 692,Patna,Bihar,Delivery
803089,PO Bhagalpur 89,Bhagalpur,Bihar,Delivery
803722,PO Darbhanga 722,Darbhanga,Bihar,Delivery
804632,PO Muzaffarpur 632,Muzaffarpur,Bihar,Delivery
804838,PO Gaya 838,Gaya,Bihar,Delivery
804687,PO Darbhanga 687,Darbhanga,Bihar,Delivery
804945,PO Bhagalpur 945,Bhagalpur,Bihar,Delivery
804096,PO Bhagalpur 96,Bhagalpur,Bihar,Delivery
805701,PO Bhagalpur 701,Bhagalpur,Bihar,Delivery
805971,PO Gaya 971,Gaya,Bihar,Delivery
805918,PO Darbhanga 918,Darbhanga,Bihar,Delivery
805373,PO Bhagalpur 373,Bhagalpur,Bihar,Delivery
806808,PO Muzaffarpur 808,Muzaffarpur,Bihar,Delivery
806031,PO Patna 31,Patna,Bihar,Delivery
806360,PO Bhagalpur 360,Bhagalpur,Bihar,Delivery
806175,PO Muzaffarpur 175,Muzaffarpur,Bihar,Delivery
807521,PO Patna 521,Patna,Bihar,Delivery
807732,PO Patna 732,Patna,Bihar,Delivery
807666,PO Patna 666,Patna,Bihar,Delivery
808411,PO Darbhanga 411,Darbhanga,Bihar,Delivery
808636,PO Gaya 636,Gaya,Bihar,Delivery
808998,PO Bhagalpur 998,Bhagalpur,Bihar,Delivery
808349,PO Gaya 349,Gaya,Bihar,Delivery
808606,PO Bhagalpur 606,Bhagalpur,Bihar,Delivery
809581,PO Muzaffarpur 581,Muzaffarpur,Bihar,Delivery
809242,PO Gaya 242,Gaya,Bihar,Delivery
809080,PO Darbhanga 80,Darbhanga,Bihar,Delivery
809118,PO Darbhanga 118,Darbhanga,Bihar,Delivery
809334,PO Darbhanga 334,Darbhanga,Bihar,Delivery
810181,PO Muzaffarpur 181,Muzaffarpur,Bihar,Delivery
810072,PO Darbhanga 72,Darbhanga,Bihar,Delivery
810834,PO Darbhanga 834,Darbhanga,Bihar,Delivery
810389,PO Muzaffarpur 389,Muzaffarpur,Bihar,Delivery
810677,PO Patna 677,Patna,Bihar,Delivery
811909,PO Darbhanga 909,Darbhanga,Bihar,Delivery
811652,PO Patna 652,Patna,Bihar,Delivery
811677,PO Gaya 677,Gaya,Bihar,Delivery
812400,PO Darbhanga 400,Darbhanga,Bihar,Delivery
812201,PO Gaya 201,Gaya,Bihar,Delivery
812325,PO Muzaffarpur 325,Muzaffarpur,Bihar,Delivery
812936,PO Muzaffarpur 936,Muzaffarpur,Bihar,Delivery
813736,PO Muzaffarpur 736,Muzaffarpur,Bihar,Delivery
813597,PO Patna 597,Patna,Bihar,Delivery
813523,PO Bhagalpur 523,Bhagalpur,Bihar,Delivery
813873,PO Muzaffarpur 873,Muzaffarpur,Bihar,Delivery
813923,PO Darbhanga 923,Darbhanga,Bihar,Delivery
814721,PO Darbhanga 721,Darbhanga,Bihar,Delivery
814368,PO Patna 368,Patna,Bihar,Delivery
815241,PO Bhagalpur 241,Bhagalpur,Bihar,Delivery
815404,PO Muzaffarpur 404,Muzaffarpur,Bihar,Delivery
816391,PO Bhagalpur 391,Bhagalpur,Bihar,Delivery
816679,PO Gaya 679,Gaya,Bihar,Delivery
816193,PO Darbhanga 193,Darbhanga,Bihar,Delivery
816947,PO Muzaffarpur 947,Muzaffarpur,Bihar,Delivery
816158,PO Muzaffarpur 158,Muzaffarpur,Bihar,Delivery
817138,PO Patna 138,Patna,Bihar,Delivery
817017,PO Gaya 17,Gaya,Bihar,Delivery
817499,PO Bhagalpur 499,Bhagalpur,Bihar,Delivery
818087,PO Gaya 87,Gaya,Bihar,Delivery
818426,PO Bhagalpur 426,Bhagalpur,Bihar,Delivery
818713,PO Darbhanga 713,Darbhanga,Bihar,Delivery
819466,PO Darbhanga 466,Darbhanga,Bihar,Delivery
819840,PO Bhagalpur 840,Bhagalpur,Bihar,Delivery
819232,PO Gaya 232,Gaya,Bihar,Delivery
820592,PO Bhagalpur 592,Bhagalpur,Bihar,Delivery
820243,PO Darbhanga 243,Darbhanga,Bihar,Delivery
821035,PO Patna 35,Patna,Bihar,Delivery
821722,PO Muzaffarpur 722,Muzaffarpur,Bihar,Delivery
821494,PO Patna 494,Patna,Bihar,Delivery
821749,PO Darbhanga 749,Darbhanga,Bihar,Delivery
822477,PO Darbhanga 477,Darbhanga,Bihar,Delivery
822912,PO Darbhanga 912,Darbhanga,Bihar,Delivery
822484,PO Patna 484,Patna,Bihar,Delivery
822553,PO Darbhanga 553,Darbhanga,Bihar,Delivery
823926,PO Muzaffarpur 926,Muzaffarpur,Bihar,Delivery
823012,PO Bhagalpur 12,Bhagalpur,Bihar,Delivery
824588,PO Muzaffarpur 588,Muzaffarpur,Bihar,Delivery
824984,PO Muzaffarpur 984,Muzaffarpur,Bihar,Delivery
824037,PO Darbhanga 37,Darbhanga,Bihar,Delivery
824745,PO Darbhanga 745,Darbhanga,Bihar,Delivery
824645,PO Bhagalpur 645,Bhagalpur,Bihar,Delivery
825673,PO Muzaffarpur 673,Muzaffarpur,Bihar,Delivery
825640,PO Patna 640,Patna,Bihar,Delivery
826130,PO Darbhanga 130,Darbhanga,Bihar,Delivery
826803,PO Muzaffarpur 803,Muzaffarpur,Bihar,Delivery
827282,PO Muzaffarpur 282,Muzaffarpur,Bihar,Non-Delivery
827115,PO Darbhanga 115,Darbhanga,Bihar,Delivery
827606,PO Gaya 606,Gaya,Bihar,Delivery
827379,PO Gaya 379,Gaya,Bihar,Delivery
828497,PO Gaya 497,Gaya,Bihar,Delivery
828883,PO Patna 883,Patna,Bihar,Delivery
828087,PO Gaya 87,Gaya,Bihar,Delivery
829858,PO Bhagalpur 858,Bhagalpur,Bihar,Delivery
829423,PO Bhagalpur 423,Bhagalpur,Bihar,Delivery
829451,PO Gaya 451,Gaya,Bihar,Delivery
830056,PO Muzaffarpur 56,Muzaffarpur,Bihar,Delivery
830119,PO Patna 119,Patna,Bihar,Delivery
830409,PO Bhagalpur 409,Bhagalpur,Bihar,Delivery
830765,PO Darbhanga 765,Darbhanga,Bihar,Delivery
831486,PO Muzaffarpur 486,Muzaffarpur,Bihar,Delivery
831892,PO Bhagalpur 892,Bhagalpur,Bihar,Non-Delivery
831950,PO Bhagalpur 950,Bhagalpur,Bihar,Delivery
831324,PO Darbhanga 324,Darbhanga,Bihar,Delivery
831043,PO Patna 43,Patna,Bihar,Delivery
832980,PO Bhagalpur 980,Bhagalpur,Bihar,Delivery
832668,PO Muzaffarpur 668,Muzaffarpur,Bihar,Delivery
832274,PO Patna 274,Patna,Bihar,Delivery
832599,PO Bhagalpur 599,Bhagalpur,Bihar,Delivery
833752,PO Darbhanga 752,Darbhanga,Bihar,Delivery
833533,PO Muzaffarpur 533,Muzaffarpur,Bihar,Delivery
833185,PO Muzaffarpur 185,Muzaffarpur,Bihar,Delivery
834852,PO Patna 852,Patna,Bihar,Non-Delivery
834101,PO Darbhanga 101,Darbhanga,Bihar,Delivery
835360,PO Gaya 360,Gaya,Bihar,Delivery
835258,PO Gaya 258,Gaya,Bihar,Non-Delivery
835635,PO Patna 635,Patna,Bihar,Delivery
835609,PO Gaya 609,Gaya,Bihar,Delivery
835654,PO Patna 654,Patna,Bihar,Delivery
836089,PO Darbhanga 89,Darbhanga,Bihar,Delivery
836673,PO Darbhanga 673,Darbhanga,Bihar,Delivery
837918,PO Patna 918,Patna,Bihar,Delivery
837260,PO Muzaffarpur 260,Muzaffarpur,Bihar,Delivery
837959,PO Patna 959,Patna,Bihar,Delivery
838788,PO Bhagalpur 788,Bhagalpur,Bihar,Delivery
838684,PO Muzaffarpur 684,Muzaffarpur,Bihar,Delivery
838800,PO Patna 800,Patna,Bihar,Delivery
838064,PO Bhagalpur 64,Bhagalpur,Bihar,Delivery
839265,PO Muzaffarpur 265,Muzaffarpur,Bihar,Delivery
839072,PO Bhagalpur 72,Bhagalpur,Bihar,Delivery
840625,PO Bhagalpur 625,Bhagalpur,Bihar,Delivery
840504,PO Patna 504,Patna,Bihar,Delivery
840788,PO Bhagalpur 788,Bhagalpur,Bihar,Delivery
841935,PO Bhagalpur 935,Bhagalpur,Bihar,Delivery
841106,PO Patna 106,Patna,Bihar,Delivery
842796,PO Bhagalpur 796,Bhagalpur,Bihar,Non-Delivery
842510,PO Gaya 510,Gaya,Bihar,Delivery
842001,PO Patna 1,Patna,Bihar,Delivery
842273,PO Gaya 273,Gaya,Bihar,Delivery
843589,PO Patna 589,Patna,Bihar,Delivery
843963,PO Bhagalpur 963,Bhagalpur,Bihar,Delivery
843414,PO Patna 414,Patna,Bihar,Delivery
843004,PO Bhagalpur 4,Bhagalpur,Bihar,Delivery
843838,PO Bhagalpur 838,Bhagalpur,Bihar,Delivery
844342,PO Muzaffarpur 342,Muzaffarpur,Bihar,Delivery
844648,PO Patna 648,Patna,Bihar,Delivery
844874,PO Muzaffarpur 874,Muzaffarpur,Bihar,Delivery
844471,PO Muzaffarpur 471,Muzaffarpur,Bihar,Delivery
845568,PO Patna 568,Patna,Bihar,Delivery
845677,PO Gaya 677,Gaya,Bihar,Delivery
845400,PO Patna 400,Patna,Bihar,Delivery
846499,PO Patna 499,Patna,Bihar,Delivery
846449,PO Gaya 449,Gaya,Bihar,Delivery
846198,PO Patna 198,Patna,Bihar,Delivery
846608,PO Gaya 608,Gaya,Bihar,Delivery
847812,PO Darbhanga 812,Darbhanga,Bihar,Delivery
847512,PO Darbhanga 512,Darbhanga,Bihar,Delivery
848990,PO Patna 990,Patna,Bihar,Non-Delivery
848058,PO Muzaffarpur 58,Muzaffarpur,Bihar,Delivery
848044,PO Bhagalpur 44,Bhagalpur,Bihar,Delivery
848827,PO Darbhanga 827,Darbhanga,Bihar,Delivery
848695,PO Darbhanga 695,Darbhanga,Bihar,Delivery
849948,PO Patna 948,Patna,Bihar,Non-Delivery
849145,PO Bhagalpur 145,Bhagalpur,Bihar,Delivery
849483,PO Darbhanga 483,Darbhanga,Bihar,Non-Delivery
850015,PO Gaya 15,Gaya,Bihar,Delivery
850927,PO Muzaffarpur 927,Muzaffarpur,Bihar,Delivery
850100,PO Bhagalpur 100,Bhagalpur,Bihar,Delivery
851838,PO Patna 838,Patna,Bihar,Delivery
851610,PO Darbhanga 610,Darbhanga,Bihar,Delivery
852437,PO Muzaffarpur 437,Muzaffarpur,Bihar,Delivery
852756,PO Bhagalpur 756,Bhagalpur,Bihar,Delivery
852701,PO Darbhanga 701,Darbhanga,Bihar,Delivery
853857,PO Gaya 857,Gaya,Bihar,Delivery
853608,PO Gaya 608,Gaya,Bihar,Delivery
853124,PO Muzaffarpur 124,Muzaffarpur,Bihar,Delivery
853426,PO Gaya 426,Gaya,Bihar,Delivery
854450,PO Gaya 450,Gaya,Bihar,Delivery
854042,PO Gaya 42,Gaya,Bihar,Delivery
854868,PO Darbhanga 868,Darbhanga,Bihar,Delivery
855017,PO Bhagalpur 17,Bhagalpur,Bihar,Delivery
855008,PO Gaya 8,Gaya,Bihar,Delivery
855724,PO Darbhanga 724,Darbhanga,Bihar,Delivery
825711,PO Jharkhand District 711,Jharkhand District,Jharkhand,Delivery
825212,PO Jharkhand District 212,Jharkhand District,Jharkhand,Delivery
825536,PO Jharkhand District 536,Jharkhand District,Jharkhand,Delivery
825961,PO Jharkhand District 961,Jharkhand District,Jharkhand,Delivery
825039,PO Jharkhand District 39,Jharkhand District,Jharkhand,Delivery
826643,PO Jharkhand District 643,Jharkhand District,Jharkhand,Delivery
826005,PO Jharkhand District 5,Jharkhand District,Jharkhand,Delivery
827634,PO Jharkhand District 634,Jharkhand District,Jharkhand,Delivery
827553,PO Jharkhand District 553,Jharkhand District,Jharkhand,Delivery
828284,PO Jharkhand District 284,Jharkhand District,Jharkhand,Delivery
828816,PO Jharkhand District 816,Jharkhand District,Jharkhand,Delivery
828992,PO Jharkhand District 992,Jharkhand District,Jharkhand,Delivery
829687,PO Jharkhand District 687,Jharkhand District,Jharkhand,Delivery
829373,PO Jharkhand District 373,Jharkhand District,Jharkhand,Delivery
829258,PO Jharkhand District 258,Jharkhand District,Jharkhand,Delivery
830045,PO Jharkhand District 45,Jharkhand District,Jharkhand,Delivery
830948,PO Jharkhand District 948,Jharkhand District,Jharkhand,Delivery
830030,PO Jharkhand District 30,Jharkhand District,Jharkhand,Delivery
830073,PO Jharkhand District 73,Jharkhand District,Jharkhand,Delivery
830607,PO Jharkhand District 607,Jharkhand District,Jharkhand,Delivery
831236,PO Jharkhand District 236,Jharkhand District,Jharkhand,Delivery
831101,PO Jharkhand District 101,Jharkhand District,Jharkhand,Delivery
831891,PO Jharkhand District 891,Jharkhand District,Jharkhand,Delivery
831226,PO Jharkhand District 226,Jharkhand District,Jharkhand,Delivery
832056,PO Jharkhand District 56,Jharkhand District,Jharkhand,Delivery
832951,PO Jharkhand District 951,Jharkhand District,Jharkhand,Delivery
832383,PO Jharkhand District 383,Jharkhand District,Jharkhand,Delivery
832199,PO Jharkhand District 199,Jharkhand District,Jharkhand,Delivery
832208,PO Jharkhand District 208,Jharkhand District,Jharkhand,Delivery
833288,PO Jharkhand District 288,Jharkhand District,Jharkhand,Delivery
833477,PO Jharkhand District 477,Jharkhand District,Jharkhand,Delivery
834226,PO Jharkhand District 226,Jharkhand District,Jharkhand,Delivery
834809,PO Jharkhand District 809,Jharkhand District,Jharkhand,Delivery
834567,PO Jharkhand District 567,Jharkhand District,Jharkhand,Delivery
834878,PO Jharkhand District 878,Jharkhand District,Jharkhand,Delivery
835606,PO Jharkhand District 606,Jharkhand District,Jharkhand,Delivery
835286,PO Jharkhand District 286,Jharkhand District,Jharkhand,Delivery
835754,PO Jharkhand District 754,Jharkhand District,Jharkhand,Delivery
781594,PO Assam District 594,Assam District,Assam,Delivery
781606,PO Assam District 606,Assam District,Assam,Delivery
781920,PO Assam District 920,Assam District,Assam,Delivery
781046,PO Assam District 46,Assam District,Assam,Delivery
781752,PO Assam District 752,Assam District,Assam,Delivery
782491,PO Assam District 491,Assam District,Assam,Delivery
782247,PO Assam District 247,Assam District,Assam,Delivery
782013,PO Assam District 13,Assam District,Assam,Delivery
782136,PO Assam District 136,Assam District,Assam,Delivery
782664,PO Assam District 664,Assam District,Assam,Non-Delivery
783166,PO Assam District 166,Assam District,Assam,Delivery
783766,PO Assam District 766,Assam District,Assam,Delivery
783475,PO Assam District 475,Assam District,Assam,Delivery
783416,PO Assam District 416,Assam District,Assam,Delivery
784642,PO Assam District 642,Assam District,Assam,Delivery
784002,PO Assam District 2,Assam District,Assam,Delivery
784708,PO Assam District 708,Assam District,Assam,Delivery
784304,PO Assam District 304,Assam District,Assam,Delivery
785807,PO Assam District 807,Assam District,Assam,Delivery
785344,PO Assam District 344,Assam District,Assam,Delivery
785932,PO Assam District 932,Assam District,Assam,Delivery
786393,PO Assam District 393,Assam District,Assam,Delivery
786042,PO Assam District 42,Assam District,Assam,Delivery
787575,PO Assam District 575,Assam District,Assam,Delivery
787343,PO Assam District 343,Assam District,Assam,Delivery
788756,PO Assam District 756,Assam District,Assam,Delivery
788780,PO Assam District 780,Assam District,Assam,Delivery
788920,PO Assam District 920,Assam District,Assam,Delivery
788434,PO Assam District 434,Assam District,Assam,Delivery
788382,PO Assam District 382,Assam District,Assam,Delivery
793482,PO Meghalaya District 482,Meghalaya District,Meghalaya,Delivery
793377,PO Meghalaya District 377,Meghalaya District,Meghalaya,Delivery
794090,PO Meghalaya District 90,Meghalaya District,Meghalaya,Delivery
794184,PO Meghalaya District 184,Meghalaya District,Meghalaya,Delivery
794079,PO Meghalaya District 79,Meghalaya District,Meghalaya,Delivery
794115,PO Meghalaya District 115,Meghalaya District,Meghalaya,Delivery
794896,PO Meghalaya District 896,Meghalaya District,Meghalaya,Delivery
795301,PO Manipur District 301,Manipur District,Manipur,Delivery
795555,PO Manipur District 555,Manipur District,Manipur,Delivery
797455,PO Nagaland District 455,Nagaland District,Nagaland,Delivery
797065,PO Nagaland District 65,Nagaland District,Nagaland,Delivery
797238,PO Nagaland District 238,Nagaland District,Nagaland,Delivery
797352,PO Nagaland District 352,Nagaland District,Nagaland,Delivery
797682,PO Nagaland District 682,Nagaland District,Nagaland,Delivery
798920,PO Nagaland District 920,Nagaland District,Nagaland,Delivery
798267,PO Nagaland District 267,Nagaland District,Nagaland,Delivery
798995,PO Nagaland District 995,Nagaland District,Nagaland,Delivery
796152,PO Mizoram District 152,Mizoram District,Mizoram,Delivery
796980,PO Mizoram District 980,Mizoram District,Mizoram,Delivery
799729,PO Tripura District 729,Tripura District,Tripura,Delivery
799180,PO Tripura District 180,Tripura District,Tripura,Delivery
799120,PO Tripura District 120,Tripura District,Tripura,Delivery
790452,PO Arunachal Pradesh District 452,Arunachal Pradesh District,Arunachal Pradesh,Delivery
790211,PO Arunachal Pradesh District 211,Arunachal Pradesh District,Arunachal Pradesh,Delivery
790353,PO Arunachal Pradesh District 353,Arunachal Pradesh District,Arunachal Pradesh,Delivery
791547,PO Arunachal Pradesh District 547,Arunachal Pradesh District,Arunachal Pradesh,Delivery
791026,PO Arunachal Pradesh District 26,Arunachal Pradesh District,Arunachal Pradesh,Delivery
791787,PO Arunachal Pradesh District 787,Arunachal Pradesh District,Arunachal Pradesh,Delivery
792160,PO Arunachal Pradesh District 160,Arunachal Pradesh District,Arunachal Pradesh,Delivery
792560,PO Arunachal Pradesh District 560,Arunachal Pradesh District,Arunachal Pradesh,Delivery
792303,PO Arunachal Pradesh District 303,Arunachal Pradesh District,Arunachal Pradesh,Delivery
792993,PO Arunachal Pradesh District 993,Arunachal Pradesh District,Arunachal Pradesh,Delivery
737347,PO Sikkim District 347,Sikkim District,Sikkim,Delivery
737922,PO Sikkim District 922,Sikkim District,Sikkim,Delivery
737565,PO Sikkim District 565,Sikkim District,Sikkim,Delivery
737412,PO Sikkim District 412,Sikkim District,Sikkim,Delivery
737095,PO Sikkim District 95,Sikkim District,Sikkim,Delivery
490598,PO Chhattisgarh District 598,Chhattisgarh District,Chhattisgarh,Delivery
490786,PO Chhattisgarh District 786,Chhattisgarh District,Chhattisgarh,Delivery
490086,PO Chhattisgarh District 86,Chhattisgarh District,Chhattisgarh,Delivery
491525,PO Chhattisgarh District 525,Chhattisgarh District,Chhattisgarh,Delivery
491326,PO Chhattisgarh District 326,Chhattisgarh District,Chhattisgarh,Delivery
492408,PO Chhattisgarh District 408,Chhattisgarh District,Chhattisgarh,Delivery
492438,PO Chhattisgarh District 438,Chhattisgarh District,Chhattisgarh,Delivery
492013,PO Chhattisgarh District 13,Chhattisgarh District,Chhattisgarh,Delivery
492316,PO Chhattisgarh District 316,Chhattisgarh District,Chhattisgarh,Delivery
493221,PO Chhattisgarh District 221,Chhattisgarh District,Chhattisgarh,Delivery
493426,PO Chhattisgarh District 426,Chhattisgarh District,Chhattisgarh,Delivery
494747,PO Chhattisgarh District 747,Chhattisgarh District,Chhattisgarh,Delivery
494602,PO Chhattisgarh District 602,Chhattisgarh District,Chhattisgarh,Delivery
494311,PO Chhattisgarh District 311,Chhattisgarh District,Chhattisgarh,Delivery
494538,PO Chhattisgarh District 538,Chhattisgarh District,Chhattisgarh,Delivery
494984,PO Chhattisgarh District 984,Chhattisgarh District,Chhattisgarh,Delivery
495655,PO Chhattisgarh District 655,Chhattisgarh District,Chhattisgarh,Delivery
495570,PO Chhattisgarh District 570,Chhattisgarh District,Chhattisgarh,Delivery
495774,PO Chhattisgarh District 774,Chhattisgarh District,Chhattisgarh,Delivery
495853,PO Chhattisgarh District 853,Chhattisgarh District,Chhattisgarh,Delivery
495503,PO Chhattisgarh District 503,Chhattisgarh District,Chhattisgarh,Delivery
496855,PO Chhattisgarh District 855,Chhattisgarh District,Chhattisgarh,Delivery
496758,PO Chhattisgarh District 758,Chhattisgarh District,Chhattisgarh,Delivery
496811,PO Chhattisgarh District 811,Chhattisgarh District,Chhattisgarh,Delivery
496308,PO Chhattisgarh District 308,Chhattisgarh District,Chhattisgarh,Delivery
497428,PO Chhattisgarh District 428,Chhattisgarh District,Chhattisgarh,Delivery
497705,PO Chhattisgarh District 705,Chhattisgarh District,Chhattisgarh,Non-Delivery
497784,PO Chhattisgarh District 784,Chhattisgarh District,Chhattisgarh,Delivery
497994,PO Chhattisgarh District 994,Chhattisgarh District,Chhattisgarh,Delivery
